agent_id,age_group,age_range,is_elder,digital_access,family_assistance,segment,smartphone_access,coupon_awareness_probability,coupon_claim_probability,independent_ride_hailing,home_zone,work_status,medical_need_level
1,18-39,"[18, 39]",False,True,,18-39,True,,,True,Z3,regular_worker,
2,18-39,"[18, 39]",False,True,,18-39,True,,,True,Z6,regular_worker,
3,18-39,"[18, 39]",False,True,,18-39,True,,,True,Z2,regular_worker,
4,18-39,"[18, 39]",False,True,,18-39,True,,,True,Z4,regular_worker,
5,18-39,"[18, 39]",False,True,,18-39,True,,,True,Z5,regular_worker,
6,18-39,"[18, 39]",False,True,,18-39,True,,,True,Z6,regular_worker,
7,18-39,"[18, 39]",False,True,,18-39,True,,,True,Z1,regular_worker,
8,18-39,"[18, 39]",False,True,,18-39,True,,,True,Z6,regular_worker,
9,18-39,"[18, 39]",False,True,,18-39,True,,,True,Z7,regular_worker,
10,18-39,"[18, 39]",False,True,,18-39,True,,,True,Z5,regular_worker,
11,18-39,"[18, 39]",False,True,,18-39,True,,,True,Z5,regular_worker,
12,18-39,"[18, 39]",False,True,,18-39,True,,,True,Z5,regular_worker,
13,18-39,"[18, 39]",False,True,,18-39,True,,,True,Z2,regular_worker,
14,18-39,"[18, 39]",False,True,,18-39,True,,,True,Z6,regular_worker,
15,18-39,"[18, 39]",False,True,,18-39,True,,,True,Z7,regular_worker,
16,18-39,"[18, 39]",False,True,,18-39,True,,,True,Z2,regular_worker,
17,18-39,"[18, 39]",False,True,,18-39,True,,,True,Z7,regular_worker,
18,18-39,"[18, 39]",False,True,,18-39,True,,,True,Z6,regular_worker,
19,18-39,"[18, 39]",False,True,,18-39,True,,,True,Z4,flexible_non_worker,
20,18-39,"[18, 39]",False,True,,18-39,True,,,True,Z3,regular_worker,
21,18-39,"[18, 39]",False,True,,18-39,True,,,True,Z7,regular_worker,
22,18-39,"[18, 39]",False,True,,18-39,True,,,True,Z3,regular_worker,
23,18-39,"[18, 39]",False,True,,18-39,True,,,True,Z7,flexible_non_worker,
24,18-39,"[18, 39]",False,True,,18-39,True,,,True,Z6,regular_worker,
25,18-39,"[18, 39]",False,True,,18-39,True,,,True,Z2,regular_worker,
26,18-39,"[18, 39]",False,True,,18-39,True,,,True,Z4,regular_worker,
27,18-39,"[18, 39]",False,True,,18-39,True,,,True,Z5,regular_worker,
28,18-39,"[18, 39]",False,True,,18-39,True,,,True,Z6,regular_worker,
29,18-39,"[18, 39]",False,True,,18-39,True,,,True,Z7,regular_worker,
30,18-39,"[18, 39]",False,True,,18-39,True,,,True,Z2,regular_worker,
31,18-39,"[18, 39]",False,True,,18-39,True,,,True,Z7,regular_worker,
32,18-39,"[18, 39]",False,True,,18-39,True,,,True,Z5,regular_worker,
33,18-39,"[18, 39]",False,True,,18-39,True,,,True,Z6,regular_worker,
34,18-39,"[18, 39]",False,True,,18-39,True,,,True,Z7,regular_worker,
35,18-39,"[18, 39]",False,True,,18-39,True,,,True,Z9,regular_worker,
36,18-39,"[18, 39]",False,True,,18-39,True,,,True,Z8,regular_worker,
37,18-39,"[18, 39]",False,True,,18-39,True,,,True,Z7,regular_worker,
38,18-39,"[18, 39]",False,True,,18-39,True,,,True,Z1,regular_worker,
39,18-39,"[18, 39]",False,True,,18-39,True,,,True,Z5,regular_worker,
40,18-39,"[18, 39]",False,True,,18-39,True,,,True,Z8,flexible_non_worker,
41,18-39,"[18, 39]",False,True,,18-39,True,,,True,Z3,regular_worker,
42,18-39,"[18, 39]",False,True,,18-39,True,,,True,Z4,regular_worker,
43,18-39,"[18, 39]",False,True,,18-39,True,,,True,Z1,regular_worker,
44,18-39,"[18, 39]",False,True,,18-39,True,,,True,Z5,regular_worker,
45,18-39,"[18, 39]",False,True,,18-39,True,,,True,Z6,regular_worker,
46,18-39,"[18, 39]",False,True,,18-39,True,,,True,Z1,regular_worker,
47,18-39,"[18, 39]",False,True,,18-39,True,,,True,Z3,regular_worker,
48,18-39,"[18, 39]",False,True,,18-39,True,,,True,Z7,regular_worker,
49,18-39,"[18, 39]",False,True,,18-39,True,,,True,Z3,regular_worker,
50,18-39,"[18, 39]",False,True,,18-39,True,,,True,Z9,regular_worker,
51,18-39,"[18, 39]",False,True,,18-39,True,,,True,Z2,regular_worker,
52,18-39,"[18, 39]",False,True,,18-39,True,,,True,Z6,regular_worker,
53,18-39,"[18, 39]",False,True,,18-39,True,,,True,Z1,regular_worker,
54,18-39,"[18, 39]",False,True,,18-39,True,,,True,Z6,regular_worker,
55,18-39,"[18, 39]",False,True,,18-39,True,,,True,Z1,regular_worker,
56,18-39,"[18, 39]",False,True,,18-39,True,,,True,Z2,regular_worker,
57,18-39,"[18, 39]",False,True,,18-39,True,,,True,Z1,regular_worker,
58,18-39,"[18, 39]",False,True,,18-39,True,,,True,Z6,regular_worker,
59,18-39,"[18, 39]",False,True,,18-39,True,,,True,Z5,regular_worker,
60,18-39,"[18, 39]",False,True,,18-39,True,,,True,Z6,regular_worker,
61,18-39,"[18, 39]",False,True,,18-39,True,,,True,Z5,regular_worker,
62,18-39,"[18, 39]",False,True,,18-39,True,,,True,Z4,regular_worker,
63,18-39,"[18, 39]",False,True,,18-39,True,,,True,Z2,regular_worker,
64,18-39,"[18, 39]",False,True,,18-39,True,,,True,Z4,regular_worker,
65,18-39,"[18, 39]",False,True,,18-39,True,,,True,Z1,regular_worker,
66,18-39,"[18, 39]",False,True,,18-39,True,,,True,Z5,regular_worker,
67,18-39,"[18, 39]",False,True,,18-39,True,,,True,Z6,regular_worker,
68,18-39,"[18, 39]",False,True,,18-39,True,,,True,Z6,regular_worker,
69,18-39,"[18, 39]",False,True,,18-39,True,,,True,Z8,regular_worker,
70,18-39,"[18, 39]",False,True,,18-39,True,,,True,Z6,regular_worker,
71,18-39,"[18, 39]",False,True,,18-39,True,,,True,Z5,regular_worker,
72,18-39,"[18, 39]",False,True,,18-39,True,,,True,Z7,regular_worker,
73,18-39,"[18, 39]",False,True,,18-39,True,,,True,Z3,regular_worker,
74,18-39,"[18, 39]",False,True,,18-39,True,,,True,Z7,regular_worker,
75,18-39,"[18, 39]",False,True,,18-39,True,,,True,Z4,regular_worker,
76,18-39,"[18, 39]",False,True,,18-39,True,,,True,Z8,regular_worker,
77,18-39,"[18, 39]",False,True,,18-39,True,,,True,Z5,regular_worker,
78,18-39,"[18, 39]",False,True,,18-39,True,,,True,Z2,regular_worker,
79,18-39,"[18, 39]",False,True,,18-39,True,,,True,Z5,regular_worker,
80,18-39,"[18, 39]",False,True,,18-39,True,,,True,Z3,flexible_non_worker,
81,18-39,"[18, 39]",False,True,,18-39,True,,,True,Z7,regular_worker,
82,18-39,"[18, 39]",False,True,,18-39,True,,,True,Z4,regular_worker,
83,18-39,"[18, 39]",False,True,,18-39,True,,,True,Z5,regular_worker,
84,18-39,"[18, 39]",False,True,,18-39,True,,,True,Z2,regular_worker,
85,18-39,"[18, 39]",False,True,,18-39,True,,,True,Z7,regular_worker,
86,18-39,"[18, 39]",False,True,,18-39,True,,,True,Z6,regular_worker,
87,18-39,"[18, 39]",False,True,,18-39,True,,,True,Z5,regular_worker,
88,18-39,"[18, 39]",False,True,,18-39,True,,,True,Z8,regular_worker,
89,18-39,"[18, 39]",False,True,,18-39,True,,,True,Z7,regular_worker,
90,18-39,"[18, 39]",False,True,,18-39,True,,,True,Z9,regular_worker,
91,18-39,"[18, 39]",False,True,,18-39,True,,,True,Z7,regular_worker,
92,18-39,"[18, 39]",False,True,,18-39,True,,,True,Z6,regular_worker,
93,18-39,"[18, 39]",False,True,,18-39,True,,,True,Z4,regular_worker,
94,18-39,"[18, 39]",False,True,,18-39,True,,,True,Z5,regular_worker,
95,18-39,"[18, 39]",False,True,,18-39,True,,,True,Z1,regular_worker,
96,18-39,"[18, 39]",False,True,,18-39,True,,,True,Z2,regular_worker,
97,18-39,"[18, 39]",False,True,,18-39,True,,,True,Z2,regular_worker,
98,18-39,"[18, 39]",False,True,,18-39,True,,,True,Z2,regular_worker,
99,18-39,"[18, 39]",False,True,,18-39,True,,,True,Z7,regular_worker,
100,18-39,"[18, 39]",False,True,,18-39,True,,,True,Z6,regular_worker,
101,18-39,"[18, 39]",False,True,,18-39,True,,,True,Z7,regular_worker,
102,18-39,"[18, 39]",False,True,,18-39,True,,,True,Z2,regular_worker,
103,18-39,"[18, 39]",False,True,,18-39,True,,,True,Z7,regular_worker,
104,18-39,"[18, 39]",False,True,,18-39,True,,,True,Z7,regular_worker,
105,18-39,"[18, 39]",False,True,,18-39,True,,,True,Z3,regular_worker,
106,18-39,"[18, 39]",False,True,,18-39,True,,,True,Z2,regular_worker,
107,18-39,"[18, 39]",False,True,,18-39,True,,,True,Z2,regular_worker,
108,18-39,"[18, 39]",False,True,,18-39,True,,,True,Z5,regular_worker,
109,18-39,"[18, 39]",False,True,,18-39,True,,,True,Z5,regular_worker,
110,18-39,"[18, 39]",False,True,,18-39,True,,,True,Z7,flexible_non_worker,
111,18-39,"[18, 39]",False,True,,18-39,True,,,True,Z7,flexible_non_worker,
112,18-39,"[18, 39]",False,True,,18-39,True,,,True,Z8,regular_worker,
113,18-39,"[18, 39]",False,True,,18-39,True,,,True,Z6,flexible_non_worker,
114,18-39,"[18, 39]",False,True,,18-39,True,,,True,Z2,regular_worker,
115,18-39,"[18, 39]",False,True,,18-39,True,,,True,Z4,regular_worker,
116,18-39,"[18, 39]",False,True,,18-39,True,,,True,Z2,regular_worker,
117,18-39,"[18, 39]",False,True,,18-39,True,,,True,Z2,regular_worker,
118,18-39,"[18, 39]",False,True,,18-39,True,,,True,Z8,regular_worker,
119,18-39,"[18, 39]",False,True,,18-39,True,,,True,Z8,regular_worker,
120,18-39,"[18, 39]",False,True,,18-39,True,,,True,Z7,regular_worker,
121,18-39,"[18, 39]",False,True,,18-39,True,,,True,Z2,regular_worker,
122,18-39,"[18, 39]",False,True,,18-39,True,,,True,Z2,regular_worker,
123,18-39,"[18, 39]",False,True,,18-39,True,,,True,Z5,regular_worker,
124,18-39,"[18, 39]",False,True,,18-39,True,,,True,Z6,regular_worker,
125,18-39,"[18, 39]",False,True,,18-39,True,,,True,Z1,regular_worker,
126,18-39,"[18, 39]",False,True,,18-39,True,,,True,Z6,regular_worker,
127,18-39,"[18, 39]",False,True,,18-39,True,,,True,Z3,regular_worker,
128,18-39,"[18, 39]",False,True,,18-39,True,,,True,Z6,regular_worker,
129,18-39,"[18, 39]",False,True,,18-39,True,,,True,Z6,regular_worker,
130,18-39,"[18, 39]",False,True,,18-39,True,,,True,Z3,regular_worker,
131,18-39,"[18, 39]",False,True,,18-39,True,,,True,Z7,regular_worker,
132,18-39,"[18, 39]",False,True,,18-39,True,,,True,Z6,regular_worker,
133,18-39,"[18, 39]",False,True,,18-39,True,,,True,Z6,regular_worker,
134,18-39,"[18, 39]",False,True,,18-39,True,,,True,Z4,regular_worker,
135,18-39,"[18, 39]",False,True,,18-39,True,,,True,Z8,regular_worker,
136,18-39,"[18, 39]",False,True,,18-39,True,,,True,Z8,regular_worker,
137,18-39,"[18, 39]",False,True,,18-39,True,,,True,Z7,regular_worker,
138,18-39,"[18, 39]",False,True,,18-39,True,,,True,Z8,regular_worker,
139,18-39,"[18, 39]",False,True,,18-39,True,,,True,Z6,regular_worker,
140,18-39,"[18, 39]",False,True,,18-39,True,,,True,Z6,regular_worker,
141,18-39,"[18, 39]",False,True,,18-39,True,,,True,Z6,regular_worker,
142,18-39,"[18, 39]",False,True,,18-39,True,,,True,Z8,regular_worker,
143,18-39,"[18, 39]",False,True,,18-39,True,,,True,Z5,regular_worker,
144,18-39,"[18, 39]",False,True,,18-39,True,,,True,Z4,regular_worker,
145,18-39,"[18, 39]",False,True,,18-39,True,,,True,Z2,flexible_non_worker,
146,18-39,"[18, 39]",False,True,,18-39,True,,,True,Z7,regular_worker,
147,18-39,"[18, 39]",False,True,,18-39,True,,,True,Z2,regular_worker,
148,18-39,"[18, 39]",False,True,,18-39,True,,,True,Z7,regular_worker,
149,18-39,"[18, 39]",False,True,,18-39,True,,,True,Z3,flexible_non_worker,
150,18-39,"[18, 39]",False,True,,18-39,True,,,True,Z3,flexible_non_worker,
151,18-39,"[18, 39]",False,True,,18-39,True,,,True,Z1,regular_worker,
152,18-39,"[18, 39]",False,True,,18-39,True,,,True,Z3,regular_worker,
153,18-39,"[18, 39]",False,True,,18-39,True,,,True,Z6,regular_worker,
154,18-39,"[18, 39]",False,True,,18-39,True,,,True,Z2,regular_worker,
155,18-39,"[18, 39]",False,True,,18-39,True,,,True,Z2,regular_worker,
156,18-39,"[18, 39]",False,True,,18-39,True,,,True,Z7,flexible_non_worker,
157,18-39,"[18, 39]",False,True,,18-39,True,,,True,Z4,regular_worker,
158,18-39,"[18, 39]",False,True,,18-39,True,,,True,Z5,flexible_non_worker,
159,18-39,"[18, 39]",False,True,,18-39,True,,,True,Z6,regular_worker,
160,18-39,"[18, 39]",False,True,,18-39,True,,,True,Z7,regular_worker,
161,18-39,"[18, 39]",False,True,,18-39,True,,,True,Z5,regular_worker,
162,18-39,"[18, 39]",False,True,,18-39,True,,,True,Z1,regular_worker,
163,18-39,"[18, 39]",False,True,,18-39,True,,,True,Z2,regular_worker,
164,18-39,"[18, 39]",False,True,,18-39,True,,,True,Z6,regular_worker,
165,18-39,"[18, 39]",False,True,,18-39,True,,,True,Z4,regular_worker,
166,18-39,"[18, 39]",False,True,,18-39,True,,,True,Z2,regular_worker,
167,18-39,"[18, 39]",False,True,,18-39,True,,,True,Z5,regular_worker,
168,18-39,"[18, 39]",False,True,,18-39,True,,,True,Z9,regular_worker,
169,18-39,"[18, 39]",False,True,,18-39,True,,,True,Z7,regular_worker,
170,18-39,"[18, 39]",False,True,,18-39,True,,,True,Z3,regular_worker,
171,18-39,"[18, 39]",False,True,,18-39,True,,,True,Z4,regular_worker,
172,18-39,"[18, 39]",False,True,,18-39,True,,,True,Z3,regular_worker,
173,18-39,"[18, 39]",False,True,,18-39,True,,,True,Z6,regular_worker,
174,18-39,"[18, 39]",False,True,,18-39,True,,,True,Z7,regular_worker,
175,18-39,"[18, 39]",False,True,,18-39,True,,,True,Z5,regular_worker,
176,18-39,"[18, 39]",False,True,,18-39,True,,,True,Z4,regular_worker,
177,18-39,"[18, 39]",False,True,,18-39,True,,,True,Z7,regular_worker,
178,18-39,"[18, 39]",False,True,,18-39,True,,,True,Z2,regular_worker,
179,18-39,"[18, 39]",False,True,,18-39,True,,,True,Z2,flexible_non_worker,
180,18-39,"[18, 39]",False,True,,18-39,True,,,True,Z9,flexible_non_worker,
181,18-39,"[18, 39]",False,True,,18-39,True,,,True,Z6,regular_worker,
182,18-39,"[18, 39]",False,True,,18-39,True,,,True,Z6,regular_worker,
183,18-39,"[18, 39]",False,True,,18-39,True,,,True,Z2,regular_worker,
184,18-39,"[18, 39]",False,True,,18-39,True,,,True,Z6,regular_worker,
185,18-39,"[18, 39]",False,True,,18-39,True,,,True,Z7,regular_worker,
186,18-39,"[18, 39]",False,True,,18-39,True,,,True,Z4,regular_worker,
187,18-39,"[18, 39]",False,True,,18-39,True,,,True,Z3,flexible_non_worker,
188,18-39,"[18, 39]",False,True,,18-39,True,,,True,Z6,regular_worker,
189,18-39,"[18, 39]",False,True,,18-39,True,,,True,Z2,regular_worker,
190,18-39,"[18, 39]",False,True,,18-39,True,,,True,Z4,regular_worker,
191,18-39,"[18, 39]",False,True,,18-39,True,,,True,Z2,regular_worker,
192,18-39,"[18, 39]",False,True,,18-39,True,,,True,Z2,regular_worker,
193,18-39,"[18, 39]",False,True,,18-39,True,,,True,Z7,regular_worker,
194,18-39,"[18, 39]",False,True,,18-39,True,,,True,Z6,regular_worker,
195,18-39,"[18, 39]",False,True,,18-39,True,,,True,Z6,regular_worker,
196,18-39,"[18, 39]",False,True,,18-39,True,,,True,Z2,flexible_non_worker,
197,18-39,"[18, 39]",False,True,,18-39,True,,,True,Z6,regular_worker,
198,18-39,"[18, 39]",False,True,,18-39,True,,,True,Z4,regular_worker,
199,18-39,"[18, 39]",False,True,,18-39,True,,,True,Z3,regular_worker,
200,18-39,"[18, 39]",False,True,,18-39,True,,,True,Z1,regular_worker,
201,18-39,"[18, 39]",False,True,,18-39,True,,,True,Z4,regular_worker,
202,18-39,"[18, 39]",False,True,,18-39,True,,,True,Z6,regular_worker,
203,18-39,"[18, 39]",False,True,,18-39,True,,,True,Z6,regular_worker,
204,18-39,"[18, 39]",False,True,,18-39,True,,,True,Z7,flexible_non_worker,
205,18-39,"[18, 39]",False,True,,18-39,True,,,True,Z2,regular_worker,
206,18-39,"[18, 39]",False,True,,18-39,True,,,True,Z5,regular_worker,
207,18-39,"[18, 39]",False,True,,18-39,True,,,True,Z7,regular_worker,
208,18-39,"[18, 39]",False,True,,18-39,True,,,True,Z7,regular_worker,
209,18-39,"[18, 39]",False,True,,18-39,True,,,True,Z7,regular_worker,
210,18-39,"[18, 39]",False,True,,18-39,True,,,True,Z4,flexible_non_worker,
211,18-39,"[18, 39]",False,True,,18-39,True,,,True,Z5,regular_worker,
212,18-39,"[18, 39]",False,True,,18-39,True,,,True,Z4,regular_worker,
213,18-39,"[18, 39]",False,True,,18-39,True,,,True,Z9,regular_worker,
214,18-39,"[18, 39]",False,True,,18-39,True,,,True,Z9,regular_worker,
215,18-39,"[18, 39]",False,True,,18-39,True,,,True,Z2,regular_worker,
216,18-39,"[18, 39]",False,True,,18-39,True,,,True,Z5,regular_worker,
217,18-39,"[18, 39]",False,True,,18-39,True,,,True,Z7,regular_worker,
218,18-39,"[18, 39]",False,True,,18-39,True,,,True,Z7,regular_worker,
219,18-39,"[18, 39]",False,True,,18-39,True,,,True,Z5,regular_worker,
220,18-39,"[18, 39]",False,True,,18-39,True,,,True,Z7,regular_worker,
221,18-39,"[18, 39]",False,True,,18-39,True,,,True,Z7,regular_worker,
222,18-39,"[18, 39]",False,True,,18-39,True,,,True,Z4,flexible_non_worker,
223,18-39,"[18, 39]",False,True,,18-39,True,,,True,Z3,regular_worker,
224,18-39,"[18, 39]",False,True,,18-39,True,,,True,Z2,regular_worker,
225,18-39,"[18, 39]",False,True,,18-39,True,,,True,Z7,regular_worker,
226,18-39,"[18, 39]",False,True,,18-39,True,,,True,Z6,regular_worker,
227,18-39,"[18, 39]",False,True,,18-39,True,,,True,Z5,regular_worker,
228,18-39,"[18, 39]",False,True,,18-39,True,,,True,Z3,regular_worker,
229,18-39,"[18, 39]",False,True,,18-39,True,,,True,Z8,regular_worker,
230,18-39,"[18, 39]",False,True,,18-39,True,,,True,Z5,regular_worker,
231,18-39,"[18, 39]",False,True,,18-39,True,,,True,Z6,regular_worker,
232,18-39,"[18, 39]",False,True,,18-39,True,,,True,Z2,flexible_non_worker,
233,18-39,"[18, 39]",False,True,,18-39,True,,,True,Z5,flexible_non_worker,
234,18-39,"[18, 39]",False,True,,18-39,True,,,True,Z6,flexible_non_worker,
235,18-39,"[18, 39]",False,True,,18-39,True,,,True,Z7,regular_worker,
236,18-39,"[18, 39]",False,True,,18-39,True,,,True,Z4,regular_worker,
237,18-39,"[18, 39]",False,True,,18-39,True,,,True,Z7,regular_worker,
238,18-39,"[18, 39]",False,True,,18-39,True,,,True,Z3,regular_worker,
239,18-39,"[18, 39]",False,True,,18-39,True,,,True,Z5,regular_worker,
240,18-39,"[18, 39]",False,True,,18-39,True,,,True,Z3,regular_worker,
241,18-39,"[18, 39]",False,True,,18-39,True,,,True,Z5,regular_worker,
242,18-39,"[18, 39]",False,True,,18-39,True,,,True,Z5,regular_worker,
243,18-39,"[18, 39]",False,True,,18-39,True,,,True,Z5,regular_worker,
244,18-39,"[18, 39]",False,True,,18-39,True,,,True,Z8,regular_worker,
245,18-39,"[18, 39]",False,True,,18-39,True,,,True,Z2,regular_worker,
246,18-39,"[18, 39]",False,True,,18-39,True,,,True,Z4,regular_worker,
247,18-39,"[18, 39]",False,True,,18-39,True,,,True,Z3,regular_worker,
248,18-39,"[18, 39]",False,True,,18-39,True,,,True,Z2,regular_worker,
249,18-39,"[18, 39]",False,True,,18-39,True,,,True,Z7,regular_worker,
250,18-39,"[18, 39]",False,True,,18-39,True,,,True,Z5,regular_worker,
251,18-39,"[18, 39]",False,True,,18-39,True,,,True,Z1,regular_worker,
252,18-39,"[18, 39]",False,True,,18-39,True,,,True,Z6,regular_worker,
253,18-39,"[18, 39]",False,True,,18-39,True,,,True,Z5,flexible_non_worker,
254,18-39,"[18, 39]",False,True,,18-39,True,,,True,Z7,regular_worker,
255,18-39,"[18, 39]",False,True,,18-39,True,,,True,Z6,regular_worker,
256,18-39,"[18, 39]",False,True,,18-39,True,,,True,Z9,regular_worker,
257,18-39,"[18, 39]",False,True,,18-39,True,,,True,Z1,regular_worker,
258,18-39,"[18, 39]",False,True,,18-39,True,,,True,Z3,flexible_non_worker,
259,18-39,"[18, 39]",False,True,,18-39,True,,,True,Z7,regular_worker,
260,18-39,"[18, 39]",False,True,,18-39,True,,,True,Z6,regular_worker,
261,18-39,"[18, 39]",False,True,,18-39,True,,,True,Z7,regular_worker,
262,18-39,"[18, 39]",False,True,,18-39,True,,,True,Z7,regular_worker,
263,18-39,"[18, 39]",False,True,,18-39,True,,,True,Z5,regular_worker,
264,18-39,"[18, 39]",False,True,,18-39,True,,,True,Z2,regular_worker,
265,18-39,"[18, 39]",False,True,,18-39,True,,,True,Z5,regular_worker,
266,18-39,"[18, 39]",False,True,,18-39,True,,,True,Z7,flexible_non_worker,
267,18-39,"[18, 39]",False,True,,18-39,True,,,True,Z4,flexible_non_worker,
268,18-39,"[18, 39]",False,True,,18-39,True,,,True,Z9,regular_worker,
269,18-39,"[18, 39]",False,True,,18-39,True,,,True,Z7,regular_worker,
270,18-39,"[18, 39]",False,True,,18-39,True,,,True,Z3,flexible_non_worker,
271,18-39,"[18, 39]",False,True,,18-39,True,,,True,Z7,regular_worker,
272,18-39,"[18, 39]",False,True,,18-39,True,,,True,Z7,regular_worker,
273,18-39,"[18, 39]",False,True,,18-39,True,,,True,Z4,flexible_non_worker,
274,18-39,"[18, 39]",False,True,,18-39,True,,,True,Z3,regular_worker,
275,18-39,"[18, 39]",False,True,,18-39,True,,,True,Z7,regular_worker,
276,18-39,"[18, 39]",False,True,,18-39,True,,,True,Z2,regular_worker,
277,18-39,"[18, 39]",False,True,,18-39,True,,,True,Z7,regular_worker,
278,18-39,"[18, 39]",False,True,,18-39,True,,,True,Z2,regular_worker,
279,18-39,"[18, 39]",False,True,,18-39,True,,,True,Z4,regular_worker,
280,18-39,"[18, 39]",False,True,,18-39,True,,,True,Z2,regular_worker,
281,18-39,"[18, 39]",False,True,,18-39,True,,,True,Z2,regular_worker,
282,18-39,"[18, 39]",False,True,,18-39,True,,,True,Z1,regular_worker,
283,18-39,"[18, 39]",False,True,,18-39,True,,,True,Z3,regular_worker,
284,18-39,"[18, 39]",False,True,,18-39,True,,,True,Z7,regular_worker,
285,18-39,"[18, 39]",False,True,,18-39,True,,,True,Z4,regular_worker,
286,18-39,"[18, 39]",False,True,,18-39,True,,,True,Z7,regular_worker,
287,18-39,"[18, 39]",False,True,,18-39,True,,,True,Z5,flexible_non_worker,
288,18-39,"[18, 39]",False,True,,18-39,True,,,True,Z7,regular_worker,
289,18-39,"[18, 39]",False,True,,18-39,True,,,True,Z7,regular_worker,
290,18-39,"[18, 39]",False,True,,18-39,True,,,True,Z2,flexible_non_worker,
291,18-39,"[18, 39]",False,True,,18-39,True,,,True,Z5,regular_worker,
292,18-39,"[18, 39]",False,True,,18-39,True,,,True,Z7,regular_worker,
293,18-39,"[18, 39]",False,True,,18-39,True,,,True,Z3,regular_worker,
294,18-39,"[18, 39]",False,True,,18-39,True,,,True,Z2,regular_worker,
295,18-39,"[18, 39]",False,True,,18-39,True,,,True,Z6,regular_worker,
296,18-39,"[18, 39]",False,True,,18-39,True,,,True,Z6,regular_worker,
297,18-39,"[18, 39]",False,True,,18-39,True,,,True,Z2,regular_worker,
298,18-39,"[18, 39]",False,True,,18-39,True,,,True,Z6,regular_worker,
299,18-39,"[18, 39]",False,True,,18-39,True,,,True,Z1,regular_worker,
300,18-39,"[18, 39]",False,True,,18-39,True,,,True,Z9,regular_worker,
301,18-39,"[18, 39]",False,True,,18-39,True,,,True,Z9,regular_worker,
302,18-39,"[18, 39]",False,True,,18-39,True,,,True,Z5,regular_worker,
303,18-39,"[18, 39]",False,True,,18-39,True,,,True,Z5,regular_worker,
304,18-39,"[18, 39]",False,True,,18-39,True,,,True,Z2,flexible_non_worker,
305,18-39,"[18, 39]",False,True,,18-39,True,,,True,Z6,regular_worker,
306,18-39,"[18, 39]",False,True,,18-39,True,,,True,Z7,regular_worker,
307,18-39,"[18, 39]",False,True,,18-39,True,,,True,Z9,regular_worker,
308,18-39,"[18, 39]",False,True,,18-39,True,,,True,Z1,regular_worker,
309,18-39,"[18, 39]",False,True,,18-39,True,,,True,Z5,regular_worker,
310,18-39,"[18, 39]",False,True,,18-39,True,,,True,Z2,flexible_non_worker,
311,18-39,"[18, 39]",False,True,,18-39,True,,,True,Z6,regular_worker,
312,18-39,"[18, 39]",False,True,,18-39,True,,,True,Z8,regular_worker,
313,18-39,"[18, 39]",False,True,,18-39,True,,,True,Z7,regular_worker,
314,18-39,"[18, 39]",False,True,,18-39,True,,,True,Z7,regular_worker,
315,18-39,"[18, 39]",False,True,,18-39,True,,,True,Z7,regular_worker,
316,18-39,"[18, 39]",False,True,,18-39,True,,,True,Z7,regular_worker,
317,18-39,"[18, 39]",False,True,,18-39,True,,,True,Z9,flexible_non_worker,
318,18-39,"[18, 39]",False,True,,18-39,True,,,True,Z2,regular_worker,
319,18-39,"[18, 39]",False,True,,18-39,True,,,True,Z6,regular_worker,
320,18-39,"[18, 39]",False,True,,18-39,True,,,True,Z2,regular_worker,
321,18-39,"[18, 39]",False,True,,18-39,True,,,True,Z5,flexible_non_worker,
322,18-39,"[18, 39]",False,True,,18-39,True,,,True,Z1,regular_worker,
323,18-39,"[18, 39]",False,True,,18-39,True,,,True,Z5,flexible_non_worker,
324,18-39,"[18, 39]",False,True,,18-39,True,,,True,Z4,regular_worker,
325,18-39,"[18, 39]",False,True,,18-39,True,,,True,Z2,regular_worker,
326,18-39,"[18, 39]",False,True,,18-39,True,,,True,Z7,regular_worker,
327,18-39,"[18, 39]",False,True,,18-39,True,,,True,Z2,regular_worker,
328,18-39,"[18, 39]",False,True,,18-39,True,,,True,Z6,regular_worker,
329,18-39,"[18, 39]",False,True,,18-39,True,,,True,Z1,regular_worker,
330,18-39,"[18, 39]",False,True,,18-39,True,,,True,Z7,regular_worker,
331,18-39,"[18, 39]",False,True,,18-39,True,,,True,Z4,regular_worker,
332,18-39,"[18, 39]",False,True,,18-39,True,,,True,Z2,regular_worker,
333,18-39,"[18, 39]",False,True,,18-39,True,,,True,Z1,regular_worker,
334,18-39,"[18, 39]",False,True,,18-39,True,,,True,Z4,flexible_non_worker,
335,18-39,"[18, 39]",False,True,,18-39,True,,,True,Z3,regular_worker,
336,18-39,"[18, 39]",False,True,,18-39,True,,,True,Z7,regular_worker,
337,18-39,"[18, 39]",False,True,,18-39,True,,,True,Z7,regular_worker,
338,18-39,"[18, 39]",False,True,,18-39,True,,,True,Z7,regular_worker,
339,18-39,"[18, 39]",False,True,,18-39,True,,,True,Z1,regular_worker,
340,18-39,"[18, 39]",False,True,,18-39,True,,,True,Z4,regular_worker,
341,18-39,"[18, 39]",False,True,,18-39,True,,,True,Z6,regular_worker,
342,18-39,"[18, 39]",False,True,,18-39,True,,,True,Z4,regular_worker,
343,18-39,"[18, 39]",False,True,,18-39,True,,,True,Z3,regular_worker,
344,18-39,"[18, 39]",False,True,,18-39,True,,,True,Z1,regular_worker,
345,18-39,"[18, 39]",False,True,,18-39,True,,,True,Z6,regular_worker,
346,18-39,"[18, 39]",False,True,,18-39,True,,,True,Z2,regular_worker,
347,18-39,"[18, 39]",False,True,,18-39,True,,,True,Z7,regular_worker,
348,18-39,"[18, 39]",False,True,,18-39,True,,,True,Z5,regular_worker,
349,18-39,"[18, 39]",False,True,,18-39,True,,,True,Z7,regular_worker,
350,18-39,"[18, 39]",False,True,,18-39,True,,,True,Z2,regular_worker,
351,18-39,"[18, 39]",False,True,,18-39,True,,,True,Z8,regular_worker,
352,18-39,"[18, 39]",False,True,,18-39,True,,,True,Z4,regular_worker,
353,18-39,"[18, 39]",False,True,,18-39,True,,,True,Z1,regular_worker,
354,18-39,"[18, 39]",False,True,,18-39,True,,,True,Z5,regular_worker,
355,18-39,"[18, 39]",False,True,,18-39,True,,,True,Z6,regular_worker,
356,18-39,"[18, 39]",False,True,,18-39,True,,,True,Z5,regular_worker,
357,18-39,"[18, 39]",False,True,,18-39,True,,,True,Z1,regular_worker,
358,18-39,"[18, 39]",False,True,,18-39,True,,,True,Z1,regular_worker,
359,18-39,"[18, 39]",False,True,,18-39,True,,,True,Z6,regular_worker,
360,18-39,"[18, 39]",False,True,,18-39,True,,,True,Z7,flexible_non_worker,
361,18-39,"[18, 39]",False,True,,18-39,True,,,True,Z3,regular_worker,
362,18-39,"[18, 39]",False,True,,18-39,True,,,True,Z7,regular_worker,
363,18-39,"[18, 39]",False,True,,18-39,True,,,True,Z2,regular_worker,
364,18-39,"[18, 39]",False,True,,18-39,True,,,True,Z4,flexible_non_worker,
365,18-39,"[18, 39]",False,True,,18-39,True,,,True,Z7,regular_worker,
366,18-39,"[18, 39]",False,True,,18-39,True,,,True,Z2,regular_worker,
367,18-39,"[18, 39]",False,True,,18-39,True,,,True,Z5,flexible_non_worker,
368,18-39,"[18, 39]",False,True,,18-39,True,,,True,Z4,regular_worker,
369,18-39,"[18, 39]",False,True,,18-39,True,,,True,Z8,regular_worker,
370,18-39,"[18, 39]",False,True,,18-39,True,,,True,Z4,regular_worker,
371,18-39,"[18, 39]",False,True,,18-39,True,,,True,Z5,regular_worker,
372,18-39,"[18, 39]",False,True,,18-39,True,,,True,Z5,regular_worker,
373,18-39,"[18, 39]",False,True,,18-39,True,,,True,Z3,regular_worker,
374,18-39,"[18, 39]",False,True,,18-39,True,,,True,Z7,regular_worker,
375,18-39,"[18, 39]",False,True,,18-39,True,,,True,Z7,regular_worker,
376,18-39,"[18, 39]",False,True,,18-39,True,,,True,Z5,regular_worker,
377,18-39,"[18, 39]",False,True,,18-39,True,,,True,Z4,regular_worker,
378,18-39,"[18, 39]",False,True,,18-39,True,,,True,Z4,regular_worker,
379,18-39,"[18, 39]",False,True,,18-39,True,,,True,Z6,regular_worker,
380,18-39,"[18, 39]",False,True,,18-39,True,,,True,Z3,regular_worker,
381,18-39,"[18, 39]",False,True,,18-39,True,,,True,Z3,flexible_non_worker,
382,18-39,"[18, 39]",False,True,,18-39,True,,,True,Z7,regular_worker,
383,18-39,"[18, 39]",False,True,,18-39,True,,,True,Z1,regular_worker,
384,18-39,"[18, 39]",False,True,,18-39,True,,,True,Z8,regular_worker,
385,18-39,"[18, 39]",False,True,,18-39,True,,,True,Z6,regular_worker,
386,18-39,"[18, 39]",False,True,,18-39,True,,,True,Z4,regular_worker,
387,18-39,"[18, 39]",False,True,,18-39,True,,,True,Z8,regular_worker,
388,18-39,"[18, 39]",False,True,,18-39,True,,,True,Z3,regular_worker,
389,18-39,"[18, 39]",False,True,,18-39,True,,,True,Z4,regular_worker,
390,18-39,"[18, 39]",False,True,,18-39,True,,,True,Z6,regular_worker,
391,18-39,"[18, 39]",False,True,,18-39,True,,,True,Z7,regular_worker,
392,18-39,"[18, 39]",False,True,,18-39,True,,,True,Z3,regular_worker,
393,18-39,"[18, 39]",False,True,,18-39,True,,,True,Z6,regular_worker,
394,18-39,"[18, 39]",False,True,,18-39,True,,,True,Z2,regular_worker,
395,18-39,"[18, 39]",False,True,,18-39,True,,,True,Z7,regular_worker,
396,18-39,"[18, 39]",False,True,,18-39,True,,,True,Z5,regular_worker,
397,18-39,"[18, 39]",False,True,,18-39,True,,,True,Z3,regular_worker,
398,18-39,"[18, 39]",False,True,,18-39,True,,,True,Z4,regular_worker,
399,18-39,"[18, 39]",False,True,,18-39,True,,,True,Z4,regular_worker,
400,18-39,"[18, 39]",False,True,,18-39,True,,,True,Z3,regular_worker,
401,40-59,"[40, 59]",False,True,,40-59,True,,,True,Z3,regular_worker,
402,40-59,"[40, 59]",False,True,,40-59,True,,,True,Z2,regular_worker,
403,40-59,"[40, 59]",False,True,,40-59,True,,,True,Z2,regular_worker,
404,40-59,"[40, 59]",False,True,,40-59,True,,,True,Z5,regular_worker,
405,40-59,"[40, 59]",False,True,,40-59,True,,,True,Z5,regular_worker,
406,40-59,"[40, 59]",False,True,,40-59,True,,,True,Z1,regular_worker,
407,40-59,"[40, 59]",False,True,,40-59,True,,,True,Z3,regular_worker,
408,40-59,"[40, 59]",False,True,,40-59,True,,,True,Z3,regular_worker,
409,40-59,"[40, 59]",False,True,,40-59,True,,,True,Z5,regular_worker,
410,40-59,"[40, 59]",False,True,,40-59,True,,,True,Z5,regular_worker,
411,40-59,"[40, 59]",False,True,,40-59,True,,,True,Z9,regular_worker,
412,40-59,"[40, 59]",False,True,,40-59,True,,,True,Z5,regular_worker,
413,40-59,"[40, 59]",False,True,,40-59,True,,,True,Z6,regular_worker,
414,40-59,"[40, 59]",False,True,,40-59,True,,,True,Z2,regular_worker,
415,40-59,"[40, 59]",False,True,,40-59,True,,,True,Z6,regular_worker,
416,40-59,"[40, 59]",False,True,,40-59,True,,,True,Z4,regular_worker,
417,40-59,"[40, 59]",False,True,,40-59,True,,,True,Z6,regular_worker,
418,40-59,"[40, 59]",False,True,,40-59,True,,,True,Z1,regular_worker,
419,40-59,"[40, 59]",False,True,,40-59,True,,,True,Z4,regular_worker,
420,40-59,"[40, 59]",False,True,,40-59,True,,,True,Z4,regular_worker,
421,40-59,"[40, 59]",False,True,,40-59,True,,,True,Z5,regular_worker,
422,40-59,"[40, 59]",False,True,,40-59,True,,,True,Z6,regular_worker,
423,40-59,"[40, 59]",False,True,,40-59,True,,,True,Z6,regular_worker,
424,40-59,"[40, 59]",False,True,,40-59,True,,,True,Z7,regular_worker,
425,40-59,"[40, 59]",False,True,,40-59,True,,,True,Z3,regular_worker,
426,40-59,"[40, 59]",False,True,,40-59,True,,,True,Z6,regular_worker,
427,40-59,"[40, 59]",False,True,,40-59,True,,,True,Z4,regular_worker,
428,40-59,"[40, 59]",False,True,,40-59,True,,,True,Z7,regular_worker,
429,40-59,"[40, 59]",False,True,,40-59,True,,,True,Z4,regular_worker,
430,40-59,"[40, 59]",False,True,,40-59,True,,,True,Z5,regular_worker,
431,40-59,"[40, 59]",False,True,,40-59,True,,,True,Z2,regular_worker,
432,40-59,"[40, 59]",False,True,,40-59,True,,,True,Z7,regular_worker,
433,40-59,"[40, 59]",False,True,,40-59,True,,,True,Z3,regular_worker,
434,40-59,"[40, 59]",False,True,,40-59,True,,,True,Z7,regular_worker,
435,40-59,"[40, 59]",False,True,,40-59,True,,,True,Z6,regular_worker,
436,40-59,"[40, 59]",False,True,,40-59,True,,,True,Z6,regular_worker,
437,40-59,"[40, 59]",False,True,,40-59,True,,,True,Z2,regular_worker,
438,40-59,"[40, 59]",False,True,,40-59,True,,,True,Z3,regular_worker,
439,40-59,"[40, 59]",False,True,,40-59,True,,,True,Z7,regular_worker,
440,40-59,"[40, 59]",False,True,,40-59,True,,,True,Z4,flexible_non_worker,
441,40-59,"[40, 59]",False,True,,40-59,True,,,True,Z4,regular_worker,
442,40-59,"[40, 59]",False,True,,40-59,True,,,True,Z2,regular_worker,
443,40-59,"[40, 59]",False,True,,40-59,True,,,True,Z1,regular_worker,
444,40-59,"[40, 59]",False,True,,40-59,True,,,True,Z5,regular_worker,
445,40-59,"[40, 59]",False,True,,40-59,True,,,True,Z5,regular_worker,
446,40-59,"[40, 59]",False,True,,40-59,True,,,True,Z5,regular_worker,
447,40-59,"[40, 59]",False,True,,40-59,True,,,True,Z3,flexible_non_worker,
448,40-59,"[40, 59]",False,True,,40-59,True,,,True,Z3,regular_worker,
449,40-59,"[40, 59]",False,True,,40-59,True,,,True,Z2,regular_worker,
450,40-59,"[40, 59]",False,True,,40-59,True,,,True,Z3,regular_worker,
451,40-59,"[40, 59]",False,True,,40-59,True,,,True,Z7,regular_worker,
452,40-59,"[40, 59]",False,True,,40-59,True,,,True,Z6,regular_worker,
453,40-59,"[40, 59]",False,True,,40-59,True,,,True,Z5,regular_worker,
454,40-59,"[40, 59]",False,True,,40-59,True,,,True,Z6,regular_worker,
455,40-59,"[40, 59]",False,True,,40-59,True,,,True,Z6,regular_worker,
456,40-59,"[40, 59]",False,True,,40-59,True,,,True,Z9,regular_worker,
457,40-59,"[40, 59]",False,True,,40-59,True,,,True,Z7,regular_worker,
458,40-59,"[40, 59]",False,True,,40-59,True,,,True,Z4,regular_worker,
459,40-59,"[40, 59]",False,True,,40-59,True,,,True,Z4,regular_worker,
460,40-59,"[40, 59]",False,True,,40-59,True,,,True,Z7,regular_worker,
461,40-59,"[40, 59]",False,True,,40-59,True,,,True,Z6,regular_worker,
462,40-59,"[40, 59]",False,True,,40-59,True,,,True,Z5,regular_worker,
463,40-59,"[40, 59]",False,True,,40-59,True,,,True,Z6,regular_worker,
464,40-59,"[40, 59]",False,True,,40-59,True,,,True,Z9,regular_worker,
465,40-59,"[40, 59]",False,True,,40-59,True,,,True,Z2,regular_worker,
466,40-59,"[40, 59]",False,True,,40-59,True,,,True,Z7,regular_worker,
467,40-59,"[40, 59]",False,True,,40-59,True,,,True,Z8,regular_worker,
468,40-59,"[40, 59]",False,True,,40-59,True,,,True,Z2,regular_worker,
469,40-59,"[40, 59]",False,True,,40-59,True,,,True,Z5,regular_worker,
470,40-59,"[40, 59]",False,True,,40-59,True,,,True,Z4,regular_worker,
471,40-59,"[40, 59]",False,True,,40-59,True,,,True,Z1,regular_worker,
472,40-59,"[40, 59]",False,True,,40-59,True,,,True,Z9,regular_worker,
473,40-59,"[40, 59]",False,True,,40-59,True,,,True,Z5,regular_worker,
474,40-59,"[40, 59]",False,True,,40-59,True,,,True,Z5,regular_worker,
475,40-59,"[40, 59]",False,True,,40-59,True,,,True,Z7,regular_worker,
476,40-59,"[40, 59]",False,True,,40-59,True,,,True,Z6,regular_worker,
477,40-59,"[40, 59]",False,True,,40-59,True,,,True,Z6,regular_worker,
478,40-59,"[40, 59]",False,True,,40-59,True,,,True,Z7,regular_worker,
479,40-59,"[40, 59]",False,True,,40-59,True,,,True,Z6,regular_worker,
480,40-59,"[40, 59]",False,True,,40-59,True,,,True,Z2,regular_worker,
481,40-59,"[40, 59]",False,True,,40-59,True,,,True,Z3,regular_worker,
482,40-59,"[40, 59]",False,True,,40-59,True,,,True,Z7,flexible_non_worker,
483,40-59,"[40, 59]",False,True,,40-59,True,,,True,Z3,regular_worker,
484,40-59,"[40, 59]",False,True,,40-59,True,,,True,Z7,regular_worker,
485,40-59,"[40, 59]",False,True,,40-59,True,,,True,Z9,regular_worker,
486,40-59,"[40, 59]",False,True,,40-59,True,,,True,Z3,regular_worker,
487,40-59,"[40, 59]",False,True,,40-59,True,,,True,Z6,flexible_non_worker,
488,40-59,"[40, 59]",False,True,,40-59,True,,,True,Z8,regular_worker,
489,40-59,"[40, 59]",False,True,,40-59,True,,,True,Z7,regular_worker,
490,40-59,"[40, 59]",False,True,,40-59,True,,,True,Z2,flexible_non_worker,
491,40-59,"[40, 59]",False,True,,40-59,True,,,True,Z7,regular_worker,
492,40-59,"[40, 59]",False,True,,40-59,True,,,True,Z7,regular_worker,
493,40-59,"[40, 59]",False,True,,40-59,True,,,True,Z7,regular_worker,
494,40-59,"[40, 59]",False,True,,40-59,True,,,True,Z1,regular_worker,
495,40-59,"[40, 59]",False,True,,40-59,True,,,True,Z5,regular_worker,
496,40-59,"[40, 59]",False,True,,40-59,True,,,True,Z8,regular_worker,
497,40-59,"[40, 59]",False,True,,40-59,True,,,True,Z5,regular_worker,
498,40-59,"[40, 59]",False,True,,40-59,True,,,True,Z7,regular_worker,
499,40-59,"[40, 59]",False,True,,40-59,True,,,True,Z2,flexible_non_worker,
500,40-59,"[40, 59]",False,True,,40-59,True,,,True,Z5,regular_worker,
501,40-59,"[40, 59]",False,True,,40-59,True,,,True,Z6,regular_worker,
502,40-59,"[40, 59]",False,True,,40-59,True,,,True,Z3,regular_worker,
503,40-59,"[40, 59]",False,True,,40-59,True,,,True,Z1,regular_worker,
504,40-59,"[40, 59]",False,True,,40-59,True,,,True,Z4,regular_worker,
505,40-59,"[40, 59]",False,True,,40-59,True,,,True,Z8,regular_worker,
506,40-59,"[40, 59]",False,True,,40-59,True,,,True,Z2,regular_worker,
507,40-59,"[40, 59]",False,True,,40-59,True,,,True,Z7,regular_worker,
508,40-59,"[40, 59]",False,True,,40-59,True,,,True,Z6,regular_worker,
509,40-59,"[40, 59]",False,True,,40-59,True,,,True,Z5,regular_worker,
510,40-59,"[40, 59]",False,True,,40-59,True,,,True,Z3,regular_worker,
511,40-59,"[40, 59]",False,True,,40-59,True,,,True,Z2,regular_worker,
512,40-59,"[40, 59]",False,True,,40-59,True,,,True,Z4,regular_worker,
513,40-59,"[40, 59]",False,True,,40-59,True,,,True,Z7,regular_worker,
514,40-59,"[40, 59]",False,True,,40-59,True,,,True,Z4,flexible_non_worker,
515,40-59,"[40, 59]",False,True,,40-59,True,,,True,Z4,regular_worker,
516,40-59,"[40, 59]",False,True,,40-59,True,,,True,Z6,regular_worker,
517,40-59,"[40, 59]",False,True,,40-59,True,,,True,Z3,regular_worker,
518,40-59,"[40, 59]",False,True,,40-59,True,,,True,Z7,regular_worker,
519,40-59,"[40, 59]",False,True,,40-59,True,,,True,Z2,regular_worker,
520,40-59,"[40, 59]",False,True,,40-59,True,,,True,Z3,regular_worker,
521,40-59,"[40, 59]",False,True,,40-59,True,,,True,Z6,regular_worker,
522,40-59,"[40, 59]",False,True,,40-59,True,,,True,Z6,regular_worker,
523,40-59,"[40, 59]",False,True,,40-59,True,,,True,Z3,regular_worker,
524,40-59,"[40, 59]",False,True,,40-59,True,,,True,Z6,flexible_non_worker,
525,40-59,"[40, 59]",False,True,,40-59,True,,,True,Z1,regular_worker,
526,40-59,"[40, 59]",False,True,,40-59,True,,,True,Z2,regular_worker,
527,40-59,"[40, 59]",False,True,,40-59,True,,,True,Z4,regular_worker,
528,40-59,"[40, 59]",False,True,,40-59,True,,,True,Z4,regular_worker,
529,40-59,"[40, 59]",False,True,,40-59,True,,,True,Z6,regular_worker,
530,40-59,"[40, 59]",False,True,,40-59,True,,,True,Z8,regular_worker,
531,40-59,"[40, 59]",False,True,,40-59,True,,,True,Z2,flexible_non_worker,
532,40-59,"[40, 59]",False,True,,40-59,True,,,True,Z5,regular_worker,
533,40-59,"[40, 59]",False,True,,40-59,True,,,True,Z5,regular_worker,
534,40-59,"[40, 59]",False,True,,40-59,True,,,True,Z6,regular_worker,
535,40-59,"[40, 59]",False,True,,40-59,True,,,True,Z3,regular_worker,
536,40-59,"[40, 59]",False,True,,40-59,True,,,True,Z3,regular_worker,
537,40-59,"[40, 59]",False,True,,40-59,True,,,True,Z8,flexible_non_worker,
538,40-59,"[40, 59]",False,True,,40-59,True,,,True,Z2,flexible_non_worker,
539,40-59,"[40, 59]",False,True,,40-59,True,,,True,Z6,regular_worker,
540,40-59,"[40, 59]",False,True,,40-59,True,,,True,Z5,regular_worker,
541,40-59,"[40, 59]",False,True,,40-59,True,,,True,Z7,regular_worker,
542,40-59,"[40, 59]",False,True,,40-59,True,,,True,Z2,regular_worker,
543,40-59,"[40, 59]",False,True,,40-59,True,,,True,Z9,regular_worker,
544,40-59,"[40, 59]",False,True,,40-59,True,,,True,Z4,flexible_non_worker,
545,40-59,"[40, 59]",False,True,,40-59,True,,,True,Z8,regular_worker,
546,40-59,"[40, 59]",False,True,,40-59,True,,,True,Z2,regular_worker,
547,40-59,"[40, 59]",False,True,,40-59,True,,,True,Z7,regular_worker,
548,40-59,"[40, 59]",False,True,,40-59,True,,,True,Z7,regular_worker,
549,40-59,"[40, 59]",False,True,,40-59,True,,,True,Z4,regular_worker,
550,40-59,"[40, 59]",False,True,,40-59,True,,,True,Z8,regular_worker,
551,40-59,"[40, 59]",False,True,,40-59,True,,,True,Z8,regular_worker,
552,40-59,"[40, 59]",False,True,,40-59,True,,,True,Z8,regular_worker,
553,40-59,"[40, 59]",False,True,,40-59,True,,,True,Z3,regular_worker,
554,40-59,"[40, 59]",False,True,,40-59,True,,,True,Z5,regular_worker,
555,40-59,"[40, 59]",False,True,,40-59,True,,,True,Z1,regular_worker,
556,40-59,"[40, 59]",False,True,,40-59,True,,,True,Z8,regular_worker,
557,40-59,"[40, 59]",False,True,,40-59,True,,,True,Z7,flexible_non_worker,
558,40-59,"[40, 59]",False,True,,40-59,True,,,True,Z7,regular_worker,
559,40-59,"[40, 59]",False,True,,40-59,True,,,True,Z6,regular_worker,
560,40-59,"[40, 59]",False,True,,40-59,True,,,True,Z2,regular_worker,
561,40-59,"[40, 59]",False,True,,40-59,True,,,True,Z4,regular_worker,
562,40-59,"[40, 59]",False,True,,40-59,True,,,True,Z4,regular_worker,
563,40-59,"[40, 59]",False,True,,40-59,True,,,True,Z8,regular_worker,
564,40-59,"[40, 59]",False,True,,40-59,True,,,True,Z2,regular_worker,
565,40-59,"[40, 59]",False,True,,40-59,True,,,True,Z3,regular_worker,
566,40-59,"[40, 59]",False,True,,40-59,True,,,True,Z6,regular_worker,
567,40-59,"[40, 59]",False,True,,40-59,True,,,True,Z7,regular_worker,
568,40-59,"[40, 59]",False,True,,40-59,True,,,True,Z8,regular_worker,
569,40-59,"[40, 59]",False,True,,40-59,True,,,True,Z5,regular_worker,
570,40-59,"[40, 59]",False,True,,40-59,True,,,True,Z4,regular_worker,
571,40-59,"[40, 59]",False,True,,40-59,True,,,True,Z3,regular_worker,
572,40-59,"[40, 59]",False,True,,40-59,True,,,True,Z9,regular_worker,
573,40-59,"[40, 59]",False,True,,40-59,True,,,True,Z6,regular_worker,
574,40-59,"[40, 59]",False,True,,40-59,True,,,True,Z3,regular_worker,
575,40-59,"[40, 59]",False,True,,40-59,True,,,True,Z5,regular_worker,
576,40-59,"[40, 59]",False,True,,40-59,True,,,True,Z5,regular_worker,
577,40-59,"[40, 59]",False,True,,40-59,True,,,True,Z9,regular_worker,
578,40-59,"[40, 59]",False,True,,40-59,True,,,True,Z3,regular_worker,
579,40-59,"[40, 59]",False,True,,40-59,True,,,True,Z2,regular_worker,
580,40-59,"[40, 59]",False,True,,40-59,True,,,True,Z2,flexible_non_worker,
581,40-59,"[40, 59]",False,True,,40-59,True,,,True,Z7,regular_worker,
582,40-59,"[40, 59]",False,True,,40-59,True,,,True,Z6,regular_worker,
583,40-59,"[40, 59]",False,True,,40-59,True,,,True,Z6,regular_worker,
584,40-59,"[40, 59]",False,True,,40-59,True,,,True,Z9,regular_worker,
585,40-59,"[40, 59]",False,True,,40-59,True,,,True,Z7,regular_worker,
586,40-59,"[40, 59]",False,True,,40-59,True,,,True,Z7,regular_worker,
587,40-59,"[40, 59]",False,True,,40-59,True,,,True,Z7,regular_worker,
588,40-59,"[40, 59]",False,True,,40-59,True,,,True,Z4,regular_worker,
589,40-59,"[40, 59]",False,True,,40-59,True,,,True,Z6,regular_worker,
590,40-59,"[40, 59]",False,True,,40-59,True,,,True,Z2,regular_worker,
591,40-59,"[40, 59]",False,True,,40-59,True,,,True,Z5,regular_worker,
592,40-59,"[40, 59]",False,True,,40-59,True,,,True,Z6,regular_worker,
593,40-59,"[40, 59]",False,True,,40-59,True,,,True,Z4,regular_worker,
594,40-59,"[40, 59]",False,True,,40-59,True,,,True,Z7,flexible_non_worker,
595,40-59,"[40, 59]",False,True,,40-59,True,,,True,Z7,regular_worker,
596,40-59,"[40, 59]",False,True,,40-59,True,,,True,Z8,regular_worker,
597,40-59,"[40, 59]",False,True,,40-59,True,,,True,Z1,regular_worker,
598,40-59,"[40, 59]",False,True,,40-59,True,,,True,Z8,regular_worker,
599,40-59,"[40, 59]",False,True,,40-59,True,,,True,Z7,regular_worker,
600,40-59,"[40, 59]",False,True,,40-59,True,,,True,Z5,flexible_non_worker,
601,40-59,"[40, 59]",False,True,,40-59,True,,,True,Z3,regular_worker,
602,40-59,"[40, 59]",False,True,,40-59,True,,,True,Z2,regular_worker,
603,40-59,"[40, 59]",False,True,,40-59,True,,,True,Z1,regular_worker,
604,40-59,"[40, 59]",False,True,,40-59,True,,,True,Z4,regular_worker,
605,40-59,"[40, 59]",False,True,,40-59,True,,,True,Z7,regular_worker,
606,40-59,"[40, 59]",False,True,,40-59,True,,,True,Z5,regular_worker,
607,40-59,"[40, 59]",False,True,,40-59,True,,,True,Z5,regular_worker,
608,40-59,"[40, 59]",False,True,,40-59,True,,,True,Z7,regular_worker,
609,40-59,"[40, 59]",False,True,,40-59,True,,,True,Z6,regular_worker,
610,40-59,"[40, 59]",False,True,,40-59,True,,,True,Z8,regular_worker,
611,40-59,"[40, 59]",False,True,,40-59,True,,,True,Z3,regular_worker,
612,40-59,"[40, 59]",False,True,,40-59,True,,,True,Z3,regular_worker,
613,40-59,"[40, 59]",False,True,,40-59,True,,,True,Z2,regular_worker,
614,40-59,"[40, 59]",False,True,,40-59,True,,,True,Z5,regular_worker,
615,40-59,"[40, 59]",False,True,,40-59,True,,,True,Z2,regular_worker,
616,40-59,"[40, 59]",False,True,,40-59,True,,,True,Z7,regular_worker,
617,40-59,"[40, 59]",False,True,,40-59,True,,,True,Z8,regular_worker,
618,40-59,"[40, 59]",False,True,,40-59,True,,,True,Z1,regular_worker,
619,40-59,"[40, 59]",False,True,,40-59,True,,,True,Z6,regular_worker,
620,40-59,"[40, 59]",False,True,,40-59,True,,,True,Z7,regular_worker,
621,40-59,"[40, 59]",False,True,,40-59,True,,,True,Z7,flexible_non_worker,
622,40-59,"[40, 59]",False,True,,40-59,True,,,True,Z5,regular_worker,
623,40-59,"[40, 59]",False,True,,40-59,True,,,True,Z5,regular_worker,
624,40-59,"[40, 59]",False,True,,40-59,True,,,True,Z4,regular_worker,
625,40-59,"[40, 59]",False,True,,40-59,True,,,True,Z3,regular_worker,
626,40-59,"[40, 59]",False,True,,40-59,True,,,True,Z7,regular_worker,
627,40-59,"[40, 59]",False,True,,40-59,True,,,True,Z7,regular_worker,
628,40-59,"[40, 59]",False,True,,40-59,True,,,True,Z3,regular_worker,
629,40-59,"[40, 59]",False,True,,40-59,True,,,True,Z2,regular_worker,
630,40-59,"[40, 59]",False,True,,40-59,True,,,True,Z7,regular_worker,
631,40-59,"[40, 59]",False,True,,40-59,True,,,True,Z7,flexible_non_worker,
632,40-59,"[40, 59]",False,True,,40-59,True,,,True,Z2,regular_worker,
633,40-59,"[40, 59]",False,True,,40-59,True,,,True,Z7,regular_worker,
634,40-59,"[40, 59]",False,True,,40-59,True,,,True,Z9,regular_worker,
635,40-59,"[40, 59]",False,True,,40-59,True,,,True,Z2,flexible_non_worker,
636,40-59,"[40, 59]",False,True,,40-59,True,,,True,Z2,regular_worker,
637,40-59,"[40, 59]",False,True,,40-59,True,,,True,Z4,regular_worker,
638,40-59,"[40, 59]",False,True,,40-59,True,,,True,Z4,regular_worker,
639,40-59,"[40, 59]",False,True,,40-59,True,,,True,Z7,regular_worker,
640,40-59,"[40, 59]",False,True,,40-59,True,,,True,Z2,regular_worker,
641,40-59,"[40, 59]",False,True,,40-59,True,,,True,Z7,regular_worker,
642,40-59,"[40, 59]",False,True,,40-59,True,,,True,Z4,regular_worker,
643,40-59,"[40, 59]",False,True,,40-59,True,,,True,Z7,regular_worker,
644,40-59,"[40, 59]",False,True,,40-59,True,,,True,Z8,regular_worker,
645,40-59,"[40, 59]",False,True,,40-59,True,,,True,Z1,regular_worker,
646,40-59,"[40, 59]",False,True,,40-59,True,,,True,Z2,regular_worker,
647,40-59,"[40, 59]",False,True,,40-59,True,,,True,Z2,regular_worker,
648,40-59,"[40, 59]",False,True,,40-59,True,,,True,Z1,regular_worker,
649,40-59,"[40, 59]",False,True,,40-59,True,,,True,Z7,regular_worker,
650,40-59,"[40, 59]",False,True,,40-59,True,,,True,Z4,regular_worker,
651,40-59,"[40, 59]",False,True,,40-59,True,,,True,Z9,regular_worker,
652,40-59,"[40, 59]",False,True,,40-59,True,,,True,Z4,regular_worker,
653,40-59,"[40, 59]",False,True,,40-59,True,,,True,Z7,regular_worker,
654,40-59,"[40, 59]",False,True,,40-59,True,,,True,Z3,regular_worker,
655,40-59,"[40, 59]",False,True,,40-59,True,,,True,Z4,regular_worker,
656,40-59,"[40, 59]",False,True,,40-59,True,,,True,Z2,regular_worker,
657,40-59,"[40, 59]",False,True,,40-59,True,,,True,Z2,regular_worker,
658,40-59,"[40, 59]",False,True,,40-59,True,,,True,Z2,regular_worker,
659,40-59,"[40, 59]",False,True,,40-59,True,,,True,Z4,flexible_non_worker,
660,40-59,"[40, 59]",False,True,,40-59,True,,,True,Z5,regular_worker,
661,40-59,"[40, 59]",False,True,,40-59,True,,,True,Z5,regular_worker,
662,40-59,"[40, 59]",False,True,,40-59,True,,,True,Z6,regular_worker,
663,40-59,"[40, 59]",False,True,,40-59,True,,,True,Z8,regular_worker,
664,40-59,"[40, 59]",False,True,,40-59,True,,,True,Z1,regular_worker,
665,40-59,"[40, 59]",False,True,,40-59,True,,,True,Z3,regular_worker,
666,40-59,"[40, 59]",False,True,,40-59,True,,,True,Z7,regular_worker,
667,40-59,"[40, 59]",False,True,,40-59,True,,,True,Z2,regular_worker,
668,40-59,"[40, 59]",False,True,,40-59,True,,,True,Z7,regular_worker,
669,40-59,"[40, 59]",False,True,,40-59,True,,,True,Z9,flexible_non_worker,
670,40-59,"[40, 59]",False,True,,40-59,True,,,True,Z7,regular_worker,
671,40-59,"[40, 59]",False,True,,40-59,True,,,True,Z3,regular_worker,
672,40-59,"[40, 59]",False,True,,40-59,True,,,True,Z3,regular_worker,
673,40-59,"[40, 59]",False,True,,40-59,True,,,True,Z9,regular_worker,
674,40-59,"[40, 59]",False,True,,40-59,True,,,True,Z7,regular_worker,
675,40-59,"[40, 59]",False,True,,40-59,True,,,True,Z1,regular_worker,
676,40-59,"[40, 59]",False,True,,40-59,True,,,True,Z6,regular_worker,
677,40-59,"[40, 59]",False,True,,40-59,True,,,True,Z2,regular_worker,
678,40-59,"[40, 59]",False,True,,40-59,True,,,True,Z2,regular_worker,
679,40-59,"[40, 59]",False,True,,40-59,True,,,True,Z8,flexible_non_worker,
680,40-59,"[40, 59]",False,True,,40-59,True,,,True,Z6,regular_worker,
681,40-59,"[40, 59]",False,True,,40-59,True,,,True,Z3,flexible_non_worker,
682,40-59,"[40, 59]",False,True,,40-59,True,,,True,Z5,regular_worker,
683,40-59,"[40, 59]",False,True,,40-59,True,,,True,Z5,regular_worker,
684,40-59,"[40, 59]",False,True,,40-59,True,,,True,Z2,regular_worker,
685,40-59,"[40, 59]",False,True,,40-59,True,,,True,Z9,regular_worker,
686,40-59,"[40, 59]",False,True,,40-59,True,,,True,Z7,regular_worker,
687,40-59,"[40, 59]",False,True,,40-59,True,,,True,Z2,regular_worker,
688,40-59,"[40, 59]",False,True,,40-59,True,,,True,Z5,regular_worker,
689,40-59,"[40, 59]",False,True,,40-59,True,,,True,Z5,regular_worker,
690,40-59,"[40, 59]",False,True,,40-59,True,,,True,Z2,regular_worker,
691,40-59,"[40, 59]",False,True,,40-59,True,,,True,Z3,regular_worker,
692,40-59,"[40, 59]",False,True,,40-59,True,,,True,Z3,regular_worker,
693,40-59,"[40, 59]",False,True,,40-59,True,,,True,Z3,regular_worker,
694,40-59,"[40, 59]",False,True,,40-59,True,,,True,Z2,regular_worker,
695,40-59,"[40, 59]",False,True,,40-59,True,,,True,Z2,regular_worker,
696,40-59,"[40, 59]",False,True,,40-59,True,,,True,Z9,regular_worker,
697,40-59,"[40, 59]",False,True,,40-59,True,,,True,Z9,regular_worker,
698,40-59,"[40, 59]",False,True,,40-59,True,,,True,Z9,regular_worker,
699,40-59,"[40, 59]",False,True,,40-59,True,,,True,Z7,regular_worker,
700,40-59,"[40, 59]",False,True,,40-59,True,,,True,Z6,regular_worker,
701,40-59,"[40, 59]",False,True,,40-59,True,,,True,Z6,regular_worker,
702,40-59,"[40, 59]",False,True,,40-59,True,,,True,Z2,flexible_non_worker,
703,40-59,"[40, 59]",False,True,,40-59,True,,,True,Z5,regular_worker,
704,40-59,"[40, 59]",False,True,,40-59,True,,,True,Z1,regular_worker,
705,40-59,"[40, 59]",False,True,,40-59,True,,,True,Z4,flexible_non_worker,
706,40-59,"[40, 59]",False,True,,40-59,True,,,True,Z1,regular_worker,
707,40-59,"[40, 59]",False,True,,40-59,True,,,True,Z4,regular_worker,
708,40-59,"[40, 59]",False,True,,40-59,True,,,True,Z4,regular_worker,
709,40-59,"[40, 59]",False,True,,40-59,True,,,True,Z3,regular_worker,
710,40-59,"[40, 59]",False,True,,40-59,True,,,True,Z6,regular_worker,
711,40-59,"[40, 59]",False,True,,40-59,True,,,True,Z4,regular_worker,
712,40-59,"[40, 59]",False,True,,40-59,True,,,True,Z8,regular_worker,
713,40-59,"[40, 59]",False,True,,40-59,True,,,True,Z4,regular_worker,
714,40-59,"[40, 59]",False,True,,40-59,True,,,True,Z6,regular_worker,
715,40-59,"[40, 59]",False,True,,40-59,True,,,True,Z7,regular_worker,
716,40-59,"[40, 59]",False,True,,40-59,True,,,True,Z2,regular_worker,
717,40-59,"[40, 59]",False,True,,40-59,True,,,True,Z3,regular_worker,
718,40-59,"[40, 59]",False,True,,40-59,True,,,True,Z3,regular_worker,
719,40-59,"[40, 59]",False,True,,40-59,True,,,True,Z2,regular_worker,
720,40-59,"[40, 59]",False,True,,40-59,True,,,True,Z5,regular_worker,
721,40-59,"[40, 59]",False,True,,40-59,True,,,True,Z5,regular_worker,
722,40-59,"[40, 59]",False,True,,40-59,True,,,True,Z1,regular_worker,
723,40-59,"[40, 59]",False,True,,40-59,True,,,True,Z3,regular_worker,
724,40-59,"[40, 59]",False,True,,40-59,True,,,True,Z2,regular_worker,
725,40-59,"[40, 59]",False,True,,40-59,True,,,True,Z5,regular_worker,
726,40-59,"[40, 59]",False,True,,40-59,True,,,True,Z5,regular_worker,
727,40-59,"[40, 59]",False,True,,40-59,True,,,True,Z3,regular_worker,
728,40-59,"[40, 59]",False,True,,40-59,True,,,True,Z8,regular_worker,
729,40-59,"[40, 59]",False,True,,40-59,True,,,True,Z3,flexible_non_worker,
730,40-59,"[40, 59]",False,True,,40-59,True,,,True,Z5,regular_worker,
731,60+,"[60, 99]",True,True,True,60+,True,,,,Z3,retired,standard
732,60+,"[60, 99]",True,False,True,60+,False,,,,Z7,retired,low
733,60+,"[60, 99]",True,False,True,60+,True,,,,Z3,part_time_worker,low
734,60+,"[60, 99]",True,True,True,60+,True,,,,Z9,retired,standard
735,60+,"[60, 99]",True,True,True,60+,True,,,,Z7,retired,standard
736,60+,"[60, 99]",True,True,True,60+,True,,,,Z5,part_time_worker,low
737,60+,"[60, 99]",True,True,True,60+,True,,,,Z4,retired,standard
738,60+,"[60, 99]",True,False,True,60+,True,,,,Z5,retired,standard
739,60+,"[60, 99]",True,True,True,60+,True,,,,Z5,retired,standard
740,60+,"[60, 99]",True,False,True,60+,True,,,,Z2,retired,standard
741,60+,"[60, 99]",True,False,True,60+,True,,,,Z4,retired,low
742,60+,"[60, 99]",True,False,False,60+,True,,,,Z6,retired,standard
743,60+,"[60, 99]",True,False,True,60+,False,,,,Z5,retired,high
744,60+,"[60, 99]",True,False,True,60+,False,,,,Z3,part_time_worker,low
745,60+,"[60, 99]",True,False,False,60+,False,,,,Z7,part_time_worker,low
746,60+,"[60, 99]",True,True,False,60+,True,,,,Z8,retired,standard
747,60+,"[60, 99]",True,False,True,60+,False,,,,Z3,retired,standard
748,60+,"[60, 99]",True,True,True,60+,True,,,,Z4,retired,standard
749,60+,"[60, 99]",True,False,True,60+,True,,,,Z3,retired,low
750,60+,"[60, 99]",True,True,True,60+,True,,,,Z4,retired,low
751,60+,"[60, 99]",True,False,False,60+,True,,,,Z5,retired,high
752,60+,"[60, 99]",True,False,True,60+,True,,,,Z6,retired,standard
753,60+,"[60, 99]",True,True,True,60+,True,,,,Z4,retired,standard
754,60+,"[60, 99]",True,True,False,60+,True,,,,Z7,retired,standard
755,60+,"[60, 99]",True,False,True,60+,True,,,,Z4,retired,high
756,60+,"[60, 99]",True,False,True,60+,True,,,,Z2,retired,standard
757,60+,"[60, 99]",True,False,False,60+,False,,,,Z3,retired,low
758,60+,"[60, 99]",True,False,True,60+,False,,,,Z5,retired,standard
759,60+,"[60, 99]",True,False,False,60+,True,,,,Z3,retired,standard
760,60+,"[60, 99]",True,True,False,60+,True,,,,Z6,retired,low
761,60+,"[60, 99]",True,True,True,60+,True,,,,Z2,retired,standard
762,60+,"[60, 99]",True,False,True,60+,True,,,,Z3,retired,standard
763,60+,"[60, 99]",True,True,True,60+,True,,,,Z3,retired,standard
764,60+,"[60, 99]",True,True,True,60+,True,,,,Z2,retired,standard
765,60+,"[60, 99]",True,False,True,60+,True,,,,Z3,retired,low
766,60+,"[60, 99]",True,True,True,60+,True,,,,Z8,retired,standard
767,60+,"[60, 99]",True,True,True,60+,True,,,,Z1,retired,standard
768,60+,"[60, 99]",True,True,False,60+,True,,,,Z2,retired,standard
769,60+,"[60, 99]",True,True,False,60+,True,,,,Z2,part_time_worker,low
770,60+,"[60, 99]",True,False,False,60+,True,,,,Z6,retired,high
771,60+,"[60, 99]",True,False,True,60+,True,,,,Z7,retired,low
772,60+,"[60, 99]",True,True,False,60+,True,,,,Z8,retired,standard
773,60+,"[60, 99]",True,False,False,60+,True,,,,Z5,retired,high
774,60+,"[60, 99]",True,False,True,60+,False,,,,Z6,retired,standard
775,60+,"[60, 99]",True,True,True,60+,True,,,,Z6,retired,low
776,60+,"[60, 99]",True,False,True,60+,True,,,,Z7,retired,standard
777,60+,"[60, 99]",True,True,False,60+,True,,,,Z6,retired,standard
778,60+,"[60, 99]",True,False,True,60+,True,,,,Z5,retired,standard
779,60+,"[60, 99]",True,False,True,60+,True,,,,Z6,retired,standard
780,60+,"[60, 99]",True,True,True,60+,True,,,,Z4,retired,standard
781,60+,"[60, 99]",True,True,True,60+,True,,,,Z7,retired,high
782,60+,"[60, 99]",True,True,True,60+,True,,,,Z3,retired,high
783,60+,"[60, 99]",True,True,True,60+,True,,,,Z7,retired,standard
784,60+,"[60, 99]",True,False,False,60+,True,,,,Z8,retired,high
785,60+,"[60, 99]",True,False,True,60+,True,,,,Z5,retired,standard
786,60+,"[60, 99]",True,False,False,60+,True,,,,Z4,retired,high
787,60+,"[60, 99]",True,False,False,60+,True,,,,Z3,retired,standard
788,60+,"[60, 99]",True,True,True,60+,True,,,,Z7,retired,high
789,60+,"[60, 99]",True,True,True,60+,True,,,,Z3,retired,standard
790,60+,"[60, 99]",True,False,True,60+,True,,,,Z7,part_time_worker,low
791,60+,"[60, 99]",True,True,True,60+,True,,,,Z5,retired,low
792,60+,"[60, 99]",True,False,False,60+,True,,,,Z7,retired,high
793,60+,"[60, 99]",True,False,False,60+,True,,,,Z2,part_time_worker,low
794,60+,"[60, 99]",True,False,True,60+,True,,,,Z3,retired,low
795,60+,"[60, 99]",True,True,True,60+,True,,,,Z7,retired,standard
796,60+,"[60, 99]",True,True,False,60+,True,,,,Z6,retired,standard
797,60+,"[60, 99]",True,False,True,60+,True,,,,Z3,retired,standard
798,60+,"[60, 99]",True,False,False,60+,True,,,,Z4,part_time_worker,low
799,60+,"[60, 99]",True,False,True,60+,True,,,,Z6,retired,high
800,60+,"[60, 99]",True,True,True,60+,True,,,,Z2,retired,low
801,60+,"[60, 99]",True,False,False,60+,True,,,,Z6,retired,standard
802,60+,"[60, 99]",True,False,True,60+,True,,,,Z2,retired,standard
803,60+,"[60, 99]",True,False,False,60+,False,,,,Z5,retired,standard
804,60+,"[60, 99]",True,True,True,60+,True,,,,Z4,retired,low
805,60+,"[60, 99]",True,False,False,60+,True,,,,Z5,retired,standard
806,60+,"[60, 99]",True,False,True,60+,False,,,,Z8,part_time_worker,low
807,60+,"[60, 99]",True,False,True,60+,True,,,,Z6,part_time_worker,low
808,60+,"[60, 99]",True,False,True,60+,True,,,,Z5,retired,low
809,60+,"[60, 99]",True,True,True,60+,True,,,,Z6,retired,standard
810,60+,"[60, 99]",True,False,True,60+,False,,,,Z8,retired,high
811,60+,"[60, 99]",True,False,True,60+,True,,,,Z9,retired,low
812,60+,"[60, 99]",True,True,False,60+,True,,,,Z3,retired,low
813,60+,"[60, 99]",True,False,False,60+,True,,,,Z6,retired,standard
814,60+,"[60, 99]",True,False,True,60+,True,,,,Z6,retired,low
815,60+,"[60, 99]",True,False,True,60+,True,,,,Z3,retired,standard
816,60+,"[60, 99]",True,True,True,60+,True,,,,Z7,retired,standard
817,60+,"[60, 99]",True,True,True,60+,True,,,,Z2,retired,low
818,60+,"[60, 99]",True,True,False,60+,True,,,,Z4,retired,standard
819,60+,"[60, 99]",True,False,False,60+,False,,,,Z3,retired,standard
820,60+,"[60, 99]",True,True,False,60+,True,,,,Z7,retired,standard
821,60+,"[60, 99]",True,True,True,60+,True,,,,Z2,retired,standard
822,60+,"[60, 99]",True,True,False,60+,True,,,,Z5,retired,low
823,60+,"[60, 99]",True,False,True,60+,True,,,,Z6,retired,low
824,60+,"[60, 99]",True,False,True,60+,True,,,,Z7,part_time_worker,low
825,60+,"[60, 99]",True,False,False,60+,False,,,,Z7,retired,low
826,60+,"[60, 99]",True,False,True,60+,True,,,,Z3,retired,high
827,60+,"[60, 99]",True,True,True,60+,True,,,,Z7,retired,low
828,60+,"[60, 99]",True,False,True,60+,False,,,,Z9,retired,standard
829,60+,"[60, 99]",True,True,True,60+,True,,,,Z4,retired,high
830,60+,"[60, 99]",True,False,True,60+,True,,,,Z9,part_time_worker,low
831,60+,"[60, 99]",True,False,True,60+,True,,,,Z6,part_time_worker,low
832,60+,"[60, 99]",True,True,True,60+,True,,,,Z5,retired,standard
833,60+,"[60, 99]",True,False,True,60+,False,,,,Z5,retired,standard
834,60+,"[60, 99]",True,True,True,60+,True,,,,Z2,retired,standard
835,60+,"[60, 99]",True,True,True,60+,True,,,,Z8,retired,low
836,60+,"[60, 99]",True,True,True,60+,True,,,,Z9,part_time_worker,low
837,60+,"[60, 99]",True,True,False,60+,True,,,,Z3,retired,standard
838,60+,"[60, 99]",True,True,False,60+,True,,,,Z8,retired,standard
839,60+,"[60, 99]",True,True,True,60+,True,,,,Z7,retired,standard
840,60+,"[60, 99]",True,False,True,60+,True,,,,Z2,retired,standard
841,60+,"[60, 99]",True,False,True,60+,True,,,,Z5,part_time_worker,low
842,60+,"[60, 99]",True,True,True,60+,True,,,,Z4,retired,high
843,60+,"[60, 99]",True,False,False,60+,False,,,,Z7,retired,standard
844,60+,"[60, 99]",True,True,False,60+,True,,,,Z4,retired,high
845,60+,"[60, 99]",True,False,True,60+,True,,,,Z8,retired,low
846,60+,"[60, 99]",True,True,False,60+,True,,,,Z8,retired,low
847,60+,"[60, 99]",True,False,False,60+,True,,,,Z3,retired,standard
848,60+,"[60, 99]",True,True,True,60+,True,,,,Z3,part_time_worker,low
849,60+,"[60, 99]",True,True,True,60+,True,,,,Z8,retired,standard
850,60+,"[60, 99]",True,True,True,60+,True,,,,Z2,retired,standard
851,60+,"[60, 99]",True,False,True,60+,False,,,,Z6,retired,high
852,60+,"[60, 99]",True,True,True,60+,True,,,,Z9,retired,standard
853,60+,"[60, 99]",True,True,True,60+,True,,,,Z7,retired,standard
854,60+,"[60, 99]",True,False,True,60+,False,,,,Z1,retired,standard
855,60+,"[60, 99]",True,False,False,60+,True,,,,Z7,retired,standard
856,60+,"[60, 99]",True,True,True,60+,True,,,,Z4,retired,standard
857,60+,"[60, 99]",True,False,True,60+,True,,,,Z8,part_time_worker,low
858,60+,"[60, 99]",True,False,False,60+,True,,,,Z2,retired,standard
859,60+,"[60, 99]",True,True,True,60+,True,,,,Z3,retired,low
860,60+,"[60, 99]",True,True,False,60+,True,,,,Z4,retired,standard
861,60+,"[60, 99]",True,False,True,60+,True,,,,Z4,part_time_worker,low
862,60+,"[60, 99]",True,False,True,60+,True,,,,Z9,retired,standard
863,60+,"[60, 99]",True,True,True,60+,True,,,,Z2,retired,standard
864,60+,"[60, 99]",True,False,False,60+,False,,,,Z8,retired,standard
865,60+,"[60, 99]",True,True,True,60+,True,,,,Z3,retired,standard
866,60+,"[60, 99]",True,True,True,60+,True,,,,Z1,retired,standard
867,60+,"[60, 99]",True,True,True,60+,True,,,,Z9,retired,standard
868,60+,"[60, 99]",True,True,False,60+,True,,,,Z8,part_time_worker,low
869,60+,"[60, 99]",True,False,True,60+,True,,,,Z2,retired,standard
870,60+,"[60, 99]",True,True,True,60+,True,,,,Z2,retired,high
871,60+,"[60, 99]",True,False,False,60+,True,,,,Z7,retired,standard
872,60+,"[60, 99]",True,False,True,60+,False,,,,Z9,retired,standard
873,60+,"[60, 99]",True,True,True,60+,True,,,,Z8,retired,low
874,60+,"[60, 99]",True,True,False,60+,True,,,,Z7,retired,standard
875,60+,"[60, 99]",True,False,False,60+,False,,,,Z2,retired,standard
876,60+,"[60, 99]",True,False,True,60+,True,,,,Z1,part_time_worker,low
877,60+,"[60, 99]",True,True,True,60+,True,,,,Z7,retired,low
878,60+,"[60, 99]",True,False,False,60+,True,,,,Z2,retired,standard
879,60+,"[60, 99]",True,True,True,60+,True,,,,Z9,part_time_worker,low
880,60+,"[60, 99]",True,False,False,60+,False,,,,Z5,retired,standard
881,60+,"[60, 99]",True,False,False,60+,True,,,,Z4,retired,standard
882,60+,"[60, 99]",True,False,True,60+,True,,,,Z1,retired,low
883,60+,"[60, 99]",True,True,True,60+,True,,,,Z2,part_time_worker,low
884,60+,"[60, 99]",True,False,True,60+,True,,,,Z3,retired,standard
885,60+,"[60, 99]",True,True,False,60+,True,,,,Z3,part_time_worker,low
886,60+,"[60, 99]",True,True,True,60+,True,,,,Z2,retired,low
887,60+,"[60, 99]",True,False,True,60+,True,,,,Z3,retired,standard
888,60+,"[60, 99]",True,False,True,60+,True,,,,Z8,retired,standard
889,60+,"[60, 99]",True,True,True,60+,True,,,,Z8,retired,low
890,60+,"[60, 99]",True,False,True,60+,True,,,,Z5,retired,standard
891,60+,"[60, 99]",True,True,True,60+,True,,,,Z3,retired,standard
892,60+,"[60, 99]",True,True,True,60+,True,,,,Z2,part_time_worker,low
893,60+,"[60, 99]",True,True,False,60+,True,,,,Z4,part_time_worker,low
894,60+,"[60, 99]",True,True,False,60+,True,,,,Z7,retired,standard
895,60+,"[60, 99]",True,False,False,60+,True,,,,Z9,retired,standard
896,60+,"[60, 99]",True,False,True,60+,True,,,,Z4,retired,standard
897,60+,"[60, 99]",True,False,True,60+,True,,,,Z5,retired,standard
898,60+,"[60, 99]",True,True,True,60+,True,,,,Z2,retired,high
899,60+,"[60, 99]",True,True,True,60+,True,,,,Z7,retired,low
900,60+,"[60, 99]",True,True,True,60+,True,,,,Z3,retired,standard
901,60+,"[60, 99]",True,False,True,60+,True,,,,Z8,part_time_worker,low
902,60+,"[60, 99]",True,True,False,60+,True,,,,Z4,part_time_worker,low
903,60+,"[60, 99]",True,True,False,60+,True,,,,Z9,retired,low
904,60+,"[60, 99]",True,True,False,60+,True,,,,Z1,retired,low
905,60+,"[60, 99]",True,False,True,60+,True,,,,Z4,retired,standard
906,60+,"[60, 99]",True,True,True,60+,True,,,,Z7,retired,low
907,60+,"[60, 99]",True,True,False,60+,True,,,,Z3,retired,standard
908,60+,"[60, 99]",True,False,True,60+,True,,,,Z3,part_time_worker,low
909,60+,"[60, 99]",True,True,True,60+,True,,,,Z3,retired,standard
910,60+,"[60, 99]",True,False,False,60+,False,,,,Z4,retired,standard
911,60+,"[60, 99]",True,False,False,60+,True,,,,Z1,retired,standard
912,60+,"[60, 99]",True,True,False,60+,True,,,,Z1,retired,high
913,60+,"[60, 99]",True,True,True,60+,True,,,,Z4,retired,standard
914,60+,"[60, 99]",True,False,False,60+,True,,,,Z4,retired,low
915,60+,"[60, 99]",True,False,True,60+,True,,,,Z2,retired,standard
916,60+,"[60, 99]",True,True,True,60+,True,,,,Z2,retired,standard
917,60+,"[60, 99]",True,True,False,60+,True,,,,Z3,retired,standard
918,60+,"[60, 99]",True,True,True,60+,True,,,,Z7,retired,standard
919,60+,"[60, 99]",True,False,True,60+,True,,,,Z4,retired,standard
920,60+,"[60, 99]",True,False,True,60+,True,,,,Z6,retired,low
921,60+,"[60, 99]",True,True,False,60+,True,,,,Z8,retired,standard
922,60+,"[60, 99]",True,False,False,60+,False,,,,Z2,retired,high
923,60+,"[60, 99]",True,True,False,60+,True,,,,Z3,retired,standard
924,60+,"[60, 99]",True,True,True,60+,True,,,,Z3,retired,low
925,60+,"[60, 99]",True,True,True,60+,True,,,,Z7,retired,high
926,60+,"[60, 99]",True,True,False,60+,True,,,,Z9,retired,standard
927,60+,"[60, 99]",True,True,False,60+,True,,,,Z2,part_time_worker,low
928,60+,"[60, 99]",True,True,True,60+,True,,,,Z5,retired,standard
929,60+,"[60, 99]",True,True,True,60+,True,,,,Z7,part_time_worker,low
930,60+,"[60, 99]",True,True,True,60+,True,,,,Z8,retired,low
931,60+,"[60, 99]",True,False,True,60+,True,,,,Z7,retired,low
932,60+,"[60, 99]",True,False,False,60+,True,,,,Z3,retired,low
933,60+,"[60, 99]",True,True,False,60+,True,,,,Z3,part_time_worker,low
934,60+,"[60, 99]",True,True,False,60+,True,,,,Z3,part_time_worker,low
935,60+,"[60, 99]",True,True,True,60+,True,,,,Z3,retired,high
936,60+,"[60, 99]",True,False,False,60+,True,,,,Z8,retired,high
937,60+,"[60, 99]",True,False,True,60+,True,,,,Z2,retired,low
938,60+,"[60, 99]",True,False,True,60+,False,,,,Z5,retired,standard
939,60+,"[60, 99]",True,False,True,60+,True,,,,Z8,part_time_worker,low
940,60+,"[60, 99]",True,True,True,60+,True,,,,Z5,retired,standard
941,60+,"[60, 99]",True,False,True,60+,False,,,,Z9,retired,standard
942,60+,"[60, 99]",True,True,False,60+,True,,,,Z5,retired,low
943,60+,"[60, 99]",True,False,True,60+,True,,,,Z1,retired,low
944,60+,"[60, 99]",True,True,True,60+,True,,,,Z4,retired,standard
945,60+,"[60, 99]",True,False,False,60+,True,,,,Z6,retired,standard
946,60+,"[60, 99]",True,True,True,60+,True,,,,Z7,retired,standard
947,60+,"[60, 99]",True,True,True,60+,True,,,,Z3,retired,standard
948,60+,"[60, 99]",True,False,False,60+,False,,,,Z8,retired,standard
949,60+,"[60, 99]",True,True,True,60+,True,,,,Z4,retired,standard
950,60+,"[60, 99]",True,True,True,60+,True,,,,Z2,retired,standard
951,60+,"[60, 99]",True,True,False,60+,True,,,,Z6,retired,high
952,60+,"[60, 99]",True,True,True,60+,True,,,,Z2,retired,standard
953,60+,"[60, 99]",True,False,True,60+,True,,,,Z5,retired,standard
954,60+,"[60, 99]",True,False,True,60+,True,,,,Z8,retired,standard
955,60+,"[60, 99]",True,False,True,60+,True,,,,Z7,retired,standard
956,60+,"[60, 99]",True,True,True,60+,True,,,,Z8,retired,standard
957,60+,"[60, 99]",True,True,False,60+,True,,,,Z5,part_time_worker,low
958,60+,"[60, 99]",True,True,False,60+,True,,,,Z6,retired,standard
959,60+,"[60, 99]",True,False,False,60+,True,,,,Z2,retired,high
960,60+,"[60, 99]",True,True,True,60+,True,,,,Z2,retired,high
961,60+,"[60, 99]",True,False,True,60+,True,,,,Z5,retired,standard
962,60+,"[60, 99]",True,True,True,60+,True,,,,Z3,retired,low
963,60+,"[60, 99]",True,True,True,60+,True,,,,Z3,retired,standard
964,60+,"[60, 99]",True,True,True,60+,True,,,,Z6,retired,low
965,60+,"[60, 99]",True,False,False,60+,True,,,,Z2,part_time_worker,low
966,60+,"[60, 99]",True,True,True,60+,True,,,,Z3,retired,standard
967,60+,"[60, 99]",True,True,True,60+,True,,,,Z4,retired,standard
968,60+,"[60, 99]",True,False,True,60+,True,,,,Z9,retired,standard
969,60+,"[60, 99]",True,True,True,60+,True,,,,Z7,part_time_worker,low
970,60+,"[60, 99]",True,False,True,60+,True,,,,Z3,part_time_worker,low
971,60+,"[60, 99]",True,False,True,60+,True,,,,Z3,retired,low
972,60+,"[60, 99]",True,True,True,60+,True,,,,Z2,part_time_worker,low
973,60+,"[60, 99]",True,False,True,60+,True,,,,Z5,part_time_worker,low
974,60+,"[60, 99]",True,False,True,60+,True,,,,Z4,retired,standard
975,60+,"[60, 99]",True,False,True,60+,True,,,,Z2,part_time_worker,low
976,60+,"[60, 99]",True,False,True,60+,True,,,,Z9,retired,standard
977,60+,"[60, 99]",True,False,True,60+,False,,,,Z9,retired,standard
978,60+,"[60, 99]",True,False,True,60+,True,,,,Z3,part_time_worker,low
979,60+,"[60, 99]",True,True,True,60+,True,,,,Z3,part_time_worker,low
980,60+,"[60, 99]",True,False,False,60+,True,,,,Z5,retired,standard
981,60+,"[60, 99]",True,True,True,60+,True,,,,Z9,retired,standard
982,60+,"[60, 99]",True,False,False,60+,True,,,,Z5,retired,standard
983,60+,"[60, 99]",True,False,True,60+,True,,,,Z5,retired,high
984,60+,"[60, 99]",True,False,True,60+,True,,,,Z8,retired,standard
985,60+,"[60, 99]",True,True,False,60+,True,,,,Z3,retired,standard
986,60+,"[60, 99]",True,False,True,60+,True,,,,Z2,retired,high
987,60+,"[60, 99]",True,False,False,60+,True,,,,Z6,retired,standard
988,60+,"[60, 99]",True,False,True,60+,True,,,,Z2,retired,low
989,60+,"[60, 99]",True,True,True,60+,True,,,,Z1,part_time_worker,low
990,60+,"[60, 99]",True,False,False,60+,False,,,,Z7,retired,standard
991,60+,"[60, 99]",True,True,True,60+,True,,,,Z5,part_time_worker,low
992,60+,"[60, 99]",True,False,True,60+,True,,,,Z3,retired,high
993,60+,"[60, 99]",True,False,False,60+,True,,,,Z5,part_time_worker,low
994,60+,"[60, 99]",True,False,True,60+,False,,,,Z3,retired,low
995,60+,"[60, 99]",True,False,True,60+,False,,,,Z8,retired,standard
996,60+,"[60, 99]",True,False,True,60+,True,,,,Z9,retired,standard
997,60+,"[60, 99]",True,False,False,60+,False,,,,Z7,part_time_worker,low
998,60+,"[60, 99]",True,False,True,60+,True,,,,Z9,retired,standard
999,60+,"[60, 99]",True,False,False,60+,False,,,,Z9,retired,standard
1000,60+,"[60, 99]",True,False,True,60+,False,,,,Z3,retired,standard
