leg_id,agent_id,date,day,leg_role,activity_id,purpose,origin_zone,destination_zone,departure_time,planned_activity_start_time,earliest_feasible_departure,reliability_buffer_min,expected_arrival_time,actual_arrival_time,arrival_delay_minutes,on_time_arrival,activity_completed,metro_origin_accessible,metro_destination_accessible,origin_feeder_mode,destination_feeder_mode,bus_metro_transfer_count,feeder_bus_time_minutes,feeder_bus_wait_minutes,feeder_bus_access_minutes,feeder_bus_in_vehicle_minutes,feeder_bus_fare_yuan,metro_main_time_minutes,origin_feeder_total_time_minutes,origin_feeder_access_minutes,origin_feeder_wait_minutes,destination_feeder_total_time_minutes,destination_feeder_access_minutes,destination_feeder_wait_minutes,final_attempt_departure_time,primary_mode,primary_failed,primary_failure_reason,fallback_attempted,fallback_succeeded,final_mode,transport_succeeded,wait_minutes,failed_attempt_consumed_minutes,cumulative_wait_minutes,access_time_min,transfer_time_min,in_vehicle_time_min,total_travel_time_min,fare_yuan,final_speed_kmh,scenario_vc,weather_type_at_departure,weather_scenario,day_type,policy,outdoor_exposure_minutes,heat_hazard_dose_c_min,age_vulnerability_weight,heat_risk_burden,rain_exposure_minutes
1-2026-07-07-L01,1,2026-07-07,Tuesday,outbound,activity-1-2026-07-07-002,work,Z3,Z1,2026-07-07 08:20:14.049240,2026-07-07 09:30:00,2026-07-07 07:30:00,5.0,2026-07-07 09:25:00,2026-07-07 09:25:00,0.0,True,True,False,False,bus,bus,2,37.174,8.0,16.0,13.174,4.0,17.592,18.587,8.0,4.0,18.587,8.0,4.0,2026-07-07 08:20:14.049240,metro,False,,False,False,metro,True,12.5,0.0,12.5,16.0,10.0,26.266,64.766,8.0,24.984,,normal,W0,workday,P0_no_policy,28.5,0.0,1.0,0.0,0.0
1-2026-07-07-L02,1,2026-07-07,Tuesday,return_home,activity-1-2026-07-07-002,return_home,Z1,Z3,2026-07-07 19:30:00,,,8.0,,,,,,True,True,,,0,0.0,0.0,0.0,0.0,0.0,,0.0,0.0,0.0,0.0,0.0,0.0,2026-07-07 19:30:00,ride_hailing,False,,False,False,ride_hailing,True,8.0,0.0,8.0,2.0,0.0,16.427,26.427,26.52,27.896,0.681928,normal,W0,workday,P0_no_policy,8.0,0.0,1.0,0.0,0.0
10-2026-07-07-L01,10,2026-07-07,Tuesday,outbound,activity-10-2026-07-07-003,work,Z5,Z3,2026-07-07 08:24:47.123760,2026-07-07 10:00:00,2026-07-07 08:00:00,5.0,2026-07-07 09:55:00,2026-07-07 09:55:00,0.0,True,True,False,True,bus,walk,1,28.693,5.714,12.0,10.979,2.0,56.522,28.693,12.0,5.714,0.0,0.0,0.0,2026-07-07 08:24:47.123760,metro,False,,False,False,metro,True,11.114,0.0,11.114,20.0,5.0,54.101,90.215,7.0,30.947,,normal,W0,workday,P0_no_policy,31.114,0.0,1.0,0.0,0.0
10-2026-07-07-L02,10,2026-07-07,Tuesday,between_activities,activity-10-2026-07-07-004,social_leisure,Z3,Z5,2026-07-07 20:00:00,2026-07-07 21:30:00,2026-07-07 20:00:00,10.0,2026-07-07 21:53:15.255840,2026-07-07 21:53:15.255840,23.254,False,True,False,False,,,0,0.0,0.0,0.0,0.0,0.0,,0.0,0.0,0.0,0.0,0.0,0.0,2026-07-07 20:00:00,bus,False,,False,False,bus,True,11.0,0.0,11.0,10.0,0.0,92.254,113.254,2.0,17.996,0.313333,normal,W0,workday,P0_no_policy,21.0,0.0,1.0,0.0,0.0
10-2026-07-07-L03,10,2026-07-07,Tuesday,return_home,activity-10-2026-07-07-004,return_home,Z5,Z5,2026-07-07 22:30:00,,,3.0,,,,,,True,True,,,0,0.0,0.0,0.0,0.0,0.0,,0.0,0.0,0.0,0.0,0.0,0.0,2026-07-07 22:30:00,walk,False,,False,False,walk,True,0.0,0.0,0.0,0.0,0.0,53.625,53.625,0.0,4.8,,normal,W0,workday,P0_no_policy,53.625,0.0,1.0,0.0,0.0
11-2026-07-07-L01,11,2026-07-07,Tuesday,outbound,activity-11-2026-07-07-004,work,Z5,Z7,2026-07-07 07:59:35.400000,2026-07-07 09:00:00,2026-07-07 07:00:00,5.0,2026-07-07 08:55:00,2026-07-07 08:55:00,0.0,True,True,True,True,walk,walk,0,0.0,0.0,0.0,0.0,0.0,55.41,0.0,0.0,0.0,0.0,0.0,0.0,2026-07-07 07:59:35.400000,metro,False,,False,False,metro,True,6.048,0.0,6.048,20.0,0.0,29.362,55.41,5.0,35.0,,normal,W0,workday,P0_no_policy,26.048,0.0,1.0,0.0,0.0
11-2026-07-07-L02,11,2026-07-07,Tuesday,return_home,activity-11-2026-07-07-004,return_home,Z7,Z5,2026-07-07 17:00:00,,,5.0,,,,,,True,True,walk,walk,0,0.0,0.0,0.0,0.0,0.0,52.482,0.0,0.0,0.0,0.0,0.0,0.0,2026-07-07 17:00:00,metro,False,,False,False,metro,True,3.12,0.0,3.12,20.0,0.0,29.362,52.482,5.0,35.0,,normal,W0,workday,P0_no_policy,23.12,0.0,1.0,0.0,0.0
12-2026-07-07-L01,12,2026-07-07,Tuesday,outbound,activity-12-2026-07-07-002,work,Z5,Z7,2026-07-07 06:13:02.921160,2026-07-07 08:00:00,2026-07-07 06:00:00,10.0,2026-07-07 07:49:43.335060,2026-07-07 07:49:43.335060,0.0,True,True,False,False,,,0,0.0,0.0,0.0,0.0,0.0,,0.0,0.0,0.0,0.0,0.0,0.0,2026-07-07 06:13:02.921160,bus,False,,False,False,bus,True,15.714,0.0,15.714,10.0,0.0,70.959,96.674,2.0,15.931,0.313333,normal,W0,workday,P0_no_policy,25.714,0.0,1.0,0.0,0.0
12-2026-07-07-L02,12,2026-07-07,Tuesday,return_home,activity-12-2026-07-07-002,return_home,Z7,Z5,2026-07-07 17:00:00,,,5.0,,,,,,True,False,walk,bus,1,28.65,5.714,12.0,10.936,2.0,40.482,0.0,0.0,0.0,28.65,12.0,5.714,2026-07-07 17:00:00,metro,False,,False,False,metro,True,8.834,0.0,8.834,20.0,5.0,40.298,74.132,7.0,29.596,,normal,W0,workday,P0_no_policy,28.834,0.0,1.0,0.0,0.0
13-2026-07-07-L01,13,2026-07-07,Tuesday,outbound,activity-13-2026-07-07-002,work,Z2,Z2,2026-07-07 07:53:20.700000,2026-07-07 08:30:00,2026-07-07 06:30:00,5.0,2026-07-07 08:25:00,2026-07-07 08:25:00,0.0,True,True,True,True,walk,walk,0,0.0,0.0,0.0,0.0,0.0,31.655,0.0,0.0,0.0,0.0,0.0,0.0,2026-07-07 07:53:20.700000,metro,False,,False,False,metro,True,4.5,0.0,4.5,16.0,0.0,11.155,31.655,4.0,35.0,,normal,W0,workday,P0_no_policy,20.5,0.0,1.0,0.0,0.0
13-2026-07-07-L02,13,2026-07-07,Tuesday,between_activities,activity-13-2026-07-07-003,shopping,Z2,Z2,2026-07-07 19:28:23.262540,2026-07-07 20:00:00,2026-07-07 18:00:00,8.0,2026-07-07 19:52:00,2026-07-07 19:52:00,0.0,True,True,False,False,,,0,0.0,0.0,0.0,0.0,0.0,,0.0,0.0,0.0,0.0,0.0,0.0,2026-07-07 19:28:23.262540,ride_hailing,False,,False,False,ride_hailing,True,8.0,0.0,8.0,2.0,0.0,13.612,23.612,22.99,27.896,0.681928,normal,W0,workday,P0_no_policy,8.0,0.0,1.0,0.0,0.0
13-2026-07-07-L03,13,2026-07-07,Tuesday,return_home,activity-13-2026-07-07-003,return_home,Z2,Z2,2026-07-07 21:00:00,,,8.0,,,,,,False,False,,,0,0.0,0.0,0.0,0.0,0.0,,0.0,0.0,0.0,0.0,0.0,0.0,2026-07-07 21:00:00,ride_hailing,False,,False,False,ride_hailing,True,8.0,0.0,8.0,2.0,0.0,8.273,18.273,18.18,32.992,0.313889,normal,W0,workday,P0_no_policy,8.0,0.0,1.0,0.0,0.0
14-2026-07-07-L01,14,2026-07-07,Tuesday,outbound,activity-14-2026-07-07-003,work,Z6,Z6,2026-07-07 08:50:30.886980,2026-07-07 10:00:00,2026-07-07 08:00:00,10.0,2026-07-07 09:49:59.630760,2026-07-07 09:49:59.630760,0.0,True,True,False,False,,,0,0.0,0.0,0.0,0.0,0.0,,0.0,0.0,0.0,0.0,0.0,0.0,2026-07-07 08:50:30.886980,bus,False,,False,False,bus,True,5.714,0.0,5.714,12.0,0.0,41.764,59.479,2.0,15.102,0.925,normal,W0,workday,P0_no_policy,17.714,0.0,1.0,0.0,0.0
14-2026-07-07-L02,14,2026-07-07,Tuesday,return_home,activity-14-2026-07-07-003,return_home,Z6,Z6,2026-07-07 18:30:00,,,10.0,,,,,,False,False,,,0,0.0,0.0,0.0,0.0,0.0,,0.0,0.0,0.0,0.0,0.0,0.0,2026-07-07 18:30:00,bus,False,,False,False,bus,True,5.714,0.0,5.714,12.0,0.0,41.682,59.397,2.0,15.131,0.944444,normal,W0,workday,P0_no_policy,17.714,0.0,1.0,0.0,0.0
15-2026-07-07-L01,15,2026-07-07,Tuesday,outbound,activity-15-2026-07-07-002,work,Z7,Z1,2026-07-07 08:48:54.690780,2026-07-07 10:00:00,2026-07-07 08:00:00,5.0,2026-07-07 09:55:00,2026-07-07 09:55:00,0.0,True,True,False,True,bus,walk,1,18.588,4.0,8.0,6.588,2.0,42.5,18.588,8.0,4.0,0.0,0.0,0.0,2026-07-07 08:48:54.690780,metro,False,,False,False,metro,True,8.5,0.0,8.5,16.0,5.0,36.588,66.088,7.0,31.403,,normal,W0,workday,P0_no_policy,24.5,0.0,1.0,0.0,0.0
15-2026-07-07-L02,15,2026-07-07,Tuesday,return_home,activity-15-2026-07-07-002,return_home,Z1,Z7,2026-07-07 18:30:00,,,5.0,,,,,,True,False,walk,bus,1,19.322,4.8,8.0,6.522,2.0,42.5,0.0,0.0,0.0,19.322,8.0,4.8,2026-07-07 18:30:00,metro,False,,False,False,metro,True,9.3,0.0,9.3,16.0,5.0,36.522,66.822,7.0,31.461,,normal,W0,workday,P0_no_policy,25.3,0.0,1.0,0.0,0.0
16-2026-07-07-L01,16,2026-07-07,Tuesday,outbound,activity-16-2026-07-07-002,work,Z1,Z3,2026-07-07 08:53:21.951960,2026-07-07 09:30:00,2026-07-07 07:30:00,8.0,2026-07-07 09:22:00,2026-07-07 09:22:00,0.0,True,True,True,False,,,0,0.0,0.0,0.0,0.0,0.0,,0.0,0.0,0.0,0.0,0.0,0.0,2026-07-07 08:53:21.951960,ride_hailing,False,,False,False,ride_hailing,True,10.0,0.0,10.0,2.0,0.0,16.634,28.634,26.52,27.548,0.925,normal,W0,workday,P0_no_policy,10.0,0.0,1.0,0.0,0.0
16-2026-07-07-L02,16,2026-07-07,Tuesday,between_activities,activity-16-2026-07-07-003,visit,Z3,Z5,2026-07-07 18:33:05.047680,2026-07-07 20:00:00,2026-07-07 18:30:00,5.0,2026-07-07 19:55:00,2026-07-07 19:55:00,0.0,True,True,False,True,bus,walk,1,18.594,4.0,8.0,6.594,2.0,58.322,18.594,8.0,4.0,0.0,0.0,0.0,2026-07-07 18:33:05.047680,metro,False,,False,False,metro,True,7.2,0.0,7.2,20.0,5.0,49.716,81.916,7.0,32.349,,normal,W0,workday,P0_no_policy,27.2,0.0,1.0,0.0,0.0
16-2026-07-07-L03,16,2026-07-07,Tuesday,return_home,activity-16-2026-07-07-003,return_home,Z5,Z1,2026-07-07 22:00:00,,,5.0,,,,,,True,False,walk,bus,1,24.501,11.0,8.0,5.501,2.0,84.414,0.0,0.0,0.0,24.501,8.0,11.0,2026-07-07 22:00:00,metro,False,,False,False,metro,True,18.2,0.0,18.2,20.0,14.0,61.715,113.915,8.0,33.484,,normal,W0,workday,P0_no_policy,38.2,0.0,1.0,0.0,0.0
17-2026-07-07-L01,17,2026-07-07,Tuesday,outbound,activity-17-2026-07-07-003,work,Z8,Z2,2026-07-07 08:42:11.520000,2026-07-07 09:30:00,2026-07-07 07:30:00,5.0,2026-07-07 09:25:00,2026-07-07 09:25:00,0.0,True,True,True,True,walk,walk,0,0.0,0.0,0.0,0.0,0.0,42.808,0.0,0.0,0.0,0.0,0.0,0.0,2026-07-07 08:42:11.520000,metro,False,,False,False,metro,True,5.4,0.0,5.4,20.0,0.0,17.408,42.808,4.0,35.001,,normal,W0,workday,P0_no_policy,25.4,0.0,1.0,0.0,0.0
17-2026-07-07-L02,17,2026-07-07,Tuesday,between_activities,activity-17-2026-07-07-004,shopping,Z2,Z2,2026-07-07 18:48:09.055740,2026-07-07 19:30:00,2026-07-07 17:30:00,10.0,2026-07-07 19:20:01.479480,2026-07-07 19:20:01.479480,0.0,True,True,False,False,,,0,0.0,0.0,0.0,0.0,0.0,,0.0,0.0,0.0,0.0,0.0,0.0,2026-07-07 18:48:09.055740,bus,False,,False,False,bus,True,4.03,0.0,4.03,8.0,0.0,19.844,31.874,2.0,15.18,0.694444,normal,W0,workday,P0_no_policy,12.03,0.0,1.0,0.0,0.0
17-2026-07-07-L03,17,2026-07-07,Tuesday,return_home,activity-17-2026-07-07-004,return_home,Z2,Z8,2026-07-07 21:00:00,,,10.0,,,,,,False,False,,,0,0.0,0.0,0.0,0.0,0.0,,0.0,0.0,0.0,0.0,0.0,0.0,2026-07-07 21:00:00,bus,False,,False,False,bus,True,11.0,0.0,11.0,10.0,0.0,37.243,58.243,2.0,17.996,0.313889,normal,W0,workday,P0_no_policy,21.0,0.0,1.0,0.0,0.0
18-2026-07-07-L01,18,2026-07-07,Tuesday,outbound,activity-18-2026-07-07-002,work,Z7,Z1,2026-07-07 07:20:26.627100,2026-07-07 08:30:00,2026-07-07 06:30:00,5.0,2026-07-07 08:25:00,2026-07-07 08:25:00,0.0,True,True,True,False,walk,bus,1,18.556,4.0,8.0,6.556,2.0,41.0,0.0,0.0,0.0,18.556,8.0,4.0,2026-07-07 07:20:26.627100,metro,False,,False,False,metro,True,7.0,0.0,7.0,16.0,5.0,36.556,64.556,7.0,31.431,,normal,W0,workday,P0_no_policy,23.0,0.0,1.0,0.0,0.0
18-2026-07-07-L02,18,2026-07-07,Tuesday,return_home,activity-18-2026-07-07-002,return_home,Z1,Z7,2026-07-07 18:00:00,,,5.0,,,,,,True,True,walk,walk,0,0.0,0.0,0.0,0.0,0.0,50.5,0.0,0.0,0.0,0.0,0.0,0.0,2026-07-07 18:00:00,metro,False,,False,False,metro,True,4.5,0.0,4.5,16.0,0.0,30.0,50.5,5.0,35.0,,normal,W0,workday,P0_no_policy,20.5,0.0,1.0,0.0,0.0
19-2026-07-07-L01,19,2026-07-07,Tuesday,outbound,activity-19-2026-07-07-004,social_leisure,Z3,Z2,2026-07-07 09:01:59.232180,2026-07-07 10:30:00,2026-07-07 08:30:00,10.0,2026-07-07 10:20:02.027760,2026-07-07 10:20:02.027760,0.0,True,True,False,True,,,0,0.0,0.0,0.0,0.0,0.0,,0.0,0.0,0.0,0.0,0.0,0.0,2026-07-07 09:01:59.232180,bus,False,,False,False,bus,True,4.0,0.0,4.0,8.0,0.0,66.047,78.047,2.0,15.147,0.924444,normal,W0,workday,P0_no_policy,12.0,0.0,1.0,0.0,0.0
19-2026-07-07-L02,19,2026-07-07,Tuesday,return_home,activity-19-2026-07-07-004,return_home,Z2,Z3,2026-07-07 20:30:00,,,10.0,,,,,,False,True,,,0,0.0,0.0,0.0,0.0,0.0,,0.0,0.0,0.0,0.0,0.0,0.0,2026-07-07 20:30:00,bus,False,,False,False,bus,True,11.0,0.0,11.0,8.0,0.0,55.593,74.593,2.0,17.996,0.313333,normal,W0,workday,P0_no_policy,19.0,0.0,1.0,0.0,0.0
2-2026-07-07-L01,2,2026-07-07,Tuesday,outbound,activity-2-2026-07-07-003,work,Z7,Z7,2026-07-07 09:05:51.758640,2026-07-07 10:30:00,2026-07-07 08:30:00,10.0,2026-07-07 10:20:02.095020,2026-07-07 10:20:02.095020,0.0,True,True,False,False,,,0,0.0,0.0,0.0,0.0,0.0,,0.0,0.0,0.0,0.0,0.0,0.0,2026-07-07 09:05:51.758640,bus,False,,False,False,bus,True,4.0,0.0,4.0,8.0,0.0,62.172,74.172,2.0,15.155,0.924444,normal,W0,workday,P0_no_policy,12.0,0.0,1.0,0.0,0.0
2-2026-07-07-L02,2,2026-07-07,Tuesday,return_home,activity-2-2026-07-07-003,return_home,Z7,Z7,2026-07-07 19:30:00,,,10.0,,,,,,False,False,,,0,0.0,0.0,0.0,0.0,0.0,,0.0,0.0,0.0,0.0,0.0,0.0,2026-07-07 19:30:00,bus,False,,False,False,bus,True,4.8,0.0,4.8,8.0,0.0,55.028,67.828,2.0,17.122,0.681928,normal,W0,workday,P0_no_policy,12.8,0.0,1.0,0.0,0.0
20-2026-07-07-L01,20,2026-07-07,Tuesday,outbound,activity-20-2026-07-07-003,work,Z2,Z3,2026-07-07 09:15:29.668620,2026-07-07 10:30:00,2026-07-07 08:30:00,5.0,2026-07-07 10:25:00,2026-07-07 10:25:00,0.0,True,True,True,False,walk,bus,1,19.32,4.8,8.0,6.52,2.0,45.186,0.0,0.0,0.0,19.32,8.0,4.8,2026-07-07 09:15:29.668620,metro,False,,False,False,metro,True,8.0,0.0,8.0,16.0,13.0,32.506,69.506,6.0,31.025,,normal,W0,workday,P0_no_policy,24.0,0.0,1.0,0.0,0.0
20-2026-07-07-L02,20,2026-07-07,Tuesday,return_home,activity-20-2026-07-07-003,return_home,Z3,Z2,2026-07-07 18:30:00,,,10.0,,,,,,False,False,,,0,0.0,0.0,0.0,0.0,0.0,,0.0,0.0,0.0,0.0,0.0,0.0,2026-07-07 18:30:00,bus,False,,False,False,bus,True,4.0,0.0,4.0,8.0,0.0,66.102,78.102,2.0,15.135,0.944444,normal,W0,workday,P0_no_policy,12.0,0.0,1.0,0.0,0.0
21-2026-07-07-L01,21,2026-07-07,Tuesday,outbound,activity-21-2026-07-07-002,work,Z9,Z6,2026-07-07 08:30:00,2026-07-07 10:30:00,2026-07-07 08:30:00,10.0,2026-07-07 10:40:58.307100,2026-07-07 10:40:58.307100,10.972,False,True,False,False,,,0,0.0,0.0,0.0,0.0,0.0,,0.0,0.0,0.0,0.0,0.0,0.0,2026-07-07 08:30:00,bus,False,,False,False,bus,True,11.52,0.0,11.52,14.0,0.0,105.452,130.972,2.0,15.359,1.095,normal,W0,workday,P0_no_policy,25.52,0.0,1.1,0.0,0.0
21-2026-07-07-L02,21,2026-07-07,Tuesday,return_home,activity-21-2026-07-07-002,return_home,Z6,Z9,2026-07-07 19:30:00,,,10.0,,,,,,True,False,,,0,0.0,0.0,0.0,0.0,0.0,,0.0,0.0,0.0,0.0,0.0,0.0,2026-07-07 19:30:00,bus,False,,False,False,bus,True,7.131,0.0,7.131,14.0,0.0,91.625,112.757,2.0,17.677,0.761928,normal,W0,workday,P0_no_policy,21.131,0.0,1.1,0.0,0.0
22-2026-07-07-L01,22,2026-07-07,Tuesday,outbound,activity-22-2026-07-07-002,work,Z5,Z7,2026-07-07 07:29:35.400000,2026-07-07 08:30:00,2026-07-07 06:30:00,5.0,2026-07-07 08:25:00,2026-07-07 08:25:00,0.0,True,True,True,True,walk,walk,0,0.0,0.0,0.0,0.0,0.0,55.41,0.0,0.0,0.0,0.0,0.0,0.0,2026-07-07 07:29:35.400000,metro,False,,False,False,metro,True,6.048,0.0,6.048,20.0,0.0,29.362,55.41,5.0,35.0,,normal,W0,workday,P0_no_policy,26.048,0.0,1.1,0.0,0.0
22-2026-07-07-L02,22,2026-07-07,Tuesday,return_home,activity-22-2026-07-07-002,return_home,Z7,Z5,2026-07-07 17:00:00,,,5.0,,,,,,True,False,walk,bus,1,28.65,5.714,12.0,10.936,2.0,40.482,0.0,0.0,0.0,28.65,12.0,5.714,2026-07-07 17:00:00,metro,False,,False,False,metro,True,8.834,0.0,8.834,20.0,5.0,40.298,74.132,7.0,29.596,,normal,W0,workday,P0_no_policy,28.834,0.0,1.1,0.0,0.0
24-2026-07-07-L01,24,2026-07-07,Tuesday,outbound,activity-24-2026-07-07-002,work,Z7,Z4,2026-07-07 07:54:33.665940,2026-07-07 09:30:00,2026-07-07 07:30:00,10.0,2026-07-07 09:20:00,2026-07-07 09:20:00,0.0,True,True,False,True,,,0,0.0,0.0,0.0,0.0,0.0,,0.0,0.0,0.0,0.0,0.0,0.0,2026-07-07 07:54:33.665940,bus,False,,False,False,bus,True,4.0,0.0,4.0,10.0,0.0,71.439,85.439,2.0,15.1,0.913333,normal,W0,workday,P0_no_policy,14.0,0.0,1.1,0.0,0.0
24-2026-07-07-L02,24,2026-07-07,Tuesday,return_home,activity-24-2026-07-07-002,return_home,Z4,Z7,2026-07-07 19:30:00,,,10.0,,,,,,False,False,,,0,0.0,0.0,0.0,0.0,0.0,,0.0,0.0,0.0,0.0,0.0,0.0,2026-07-07 19:30:00,bus,False,,False,False,bus,True,6.857,0.0,6.857,10.0,0.0,61.992,78.85,2.0,17.401,0.681928,normal,W0,workday,P0_no_policy,16.857,0.0,1.1,0.0,0.0
25-2026-07-07-L01,25,2026-07-07,Tuesday,outbound,activity-25-2026-07-07-002,work,Z7,Z7,2026-07-07 07:43:28.320000,2026-07-07 08:30:00,2026-07-07 06:30:00,5.0,2026-07-07 08:25:15.900000,2026-07-07 08:25:15.900000,0.0,True,True,True,True,walk,walk,0,0.0,0.0,0.0,0.0,0.0,41.793,0.0,0.0,0.0,0.0,0.0,0.0,2026-07-07 07:43:28.320000,metro,False,,False,False,metro,True,4.236,0.0,4.236,16.0,0.0,21.557,41.793,4.0,35.0,,normal,W0,workday,P0_no_policy,20.236,0.0,1.1,0.0,0.0
25-2026-07-07-L02,25,2026-07-07,Tuesday,return_home,activity-25-2026-07-07-002,return_home,Z7,Z7,2026-07-07 17:30:00,,,10.0,,,,,,False,False,,,0,0.0,0.0,0.0,0.0,0.0,,0.0,0.0,0.0,0.0,0.0,0.0,2026-07-07 17:30:00,bus,False,,False,False,bus,True,4.0,0.0,4.0,8.0,0.0,55.292,67.292,2.0,15.01,0.945,normal,W0,workday,P0_no_policy,12.0,0.0,1.1,0.0,0.0
26-2026-07-07-L01,26,2026-07-07,Tuesday,outbound,activity-26-2026-07-07-002,work,Z8,Z3,2026-07-07 08:15:17.303760,2026-07-07 10:00:00,2026-07-07 08:00:00,5.0,2026-07-07 09:55:02.880000,2026-07-07 09:55:02.880000,0.0,True,True,False,True,bus,walk,1,28.693,5.714,12.0,10.979,2.0,66.067,28.693,12.0,5.714,0.0,0.0,0.0,2026-07-07 08:15:17.303760,metro,False,,False,False,metro,True,11.114,0.0,11.114,20.0,14.273,54.373,99.76,7.0,30.967,,normal,W0,workday,P0_no_policy,31.114,0.0,1.1,0.0,0.0
26-2026-07-07-L02,26,2026-07-07,Tuesday,return_home,activity-26-2026-07-07-002,return_home,Z3,Z8,2026-07-07 19:30:00,,,5.0,,,,,,True,True,walk,walk,0,0.0,0.0,0.0,0.0,0.0,75.437,0.0,0.0,0.0,0.0,0.0,0.0,2026-07-07 19:30:00,metro,False,,False,False,metro,True,3.2,0.0,3.2,20.0,8.843,43.394,75.437,5.0,35.0,,normal,W0,workday,P0_no_policy,23.2,0.0,1.1,0.0,0.0
27-2026-07-07-L01,27,2026-07-07,Tuesday,outbound,activity-27-2026-07-07-003,work,Z3,Z1,2026-07-07 07:04:20.358360,2026-07-07 08:00:00,2026-07-07 06:00:00,10.0,2026-07-07 07:50:00,2026-07-07 07:50:00,0.0,True,True,True,True,,,0,0.0,0.0,0.0,0.0,0.0,,0.0,0.0,0.0,0.0,0.0,0.0,2026-07-07 07:04:20.358360,bus,False,,False,False,bus,True,4.5,0.0,4.5,8.0,0.0,33.161,45.661,2.0,15.2,0.713333,normal,W0,workday,P0_no_policy,12.5,0.0,1.1,0.0,0.0
27-2026-07-07-L02,27,2026-07-07,Tuesday,return_home,activity-27-2026-07-07-003,return_home,Z1,Z3,2026-07-07 17:00:00,,,10.0,,,,,,True,False,,,0,0.0,0.0,0.0,0.0,0.0,,0.0,0.0,0.0,0.0,0.0,0.0,2026-07-07 17:00:00,bus,False,,False,False,bus,True,4.5,0.0,4.5,8.0,0.0,33.287,45.787,2.0,15.143,0.733333,normal,W0,workday,P0_no_policy,12.5,0.0,1.1,0.0,0.0
28-2026-07-07-L01,28,2026-07-07,Tuesday,outbound,activity-28-2026-07-07-002,work,Z4,Z7,2026-07-07 07:43:45.627540,2026-07-07 09:30:00,2026-07-07 07:30:00,10.0,2026-07-07 09:20:50.658120,2026-07-07 09:20:50.658120,0.0,True,True,False,True,,,0,0.0,0.0,0.0,0.0,0.0,,0.0,0.0,0.0,0.0,0.0,0.0,2026-07-07 07:43:45.627540,bus,False,,False,False,bus,True,6.4,0.0,6.4,10.0,0.0,80.684,97.084,2.0,13.37,1.083333,normal,W0,workday,P0_no_policy,16.4,0.0,1.1,0.0,0.0
28-2026-07-07-L02,28,2026-07-07,Tuesday,return_home,activity-28-2026-07-07-002,return_home,Z7,Z4,2026-07-07 17:30:00,,,10.0,,,,,,True,False,,,0,0.0,0.0,0.0,0.0,0.0,,0.0,0.0,0.0,0.0,0.0,0.0,2026-07-07 17:30:00,bus,False,,False,False,bus,True,4.68,0.0,4.68,10.0,0.0,82.211,96.891,2.0,13.122,0.845,normal,W0,workday,P0_no_policy,14.68,0.0,1.1,0.0,0.0
29-2026-07-07-L01,29,2026-07-07,Tuesday,outbound,activity-29-2026-07-07-002,work,Z6,Z6,2026-07-07 08:43:43.637940,2026-07-07 10:00:00,2026-07-07 08:00:00,10.0,2026-07-07 09:49:59.704440,2026-07-07 09:49:59.704440,0.0,True,True,True,True,,,0,0.0,0.0,0.0,0.0,0.0,,0.0,0.0,0.0,0.0,0.0,0.0,2026-07-07 08:43:43.637940,bus,False,,False,False,bus,True,5.714,0.0,5.714,12.0,0.0,48.554,66.268,2.0,15.091,0.925,normal,W0,workday,P0_no_policy,17.714,0.0,1.1,0.0,0.0
29-2026-07-07-L02,29,2026-07-07,Tuesday,return_home,activity-29-2026-07-07-002,return_home,Z6,Z6,2026-07-07 19:00:00,,,10.0,,,,,,False,False,,,0,0.0,0.0,0.0,0.0,0.0,,0.0,0.0,0.0,0.0,0.0,0.0,2026-07-07 19:00:00,bus,False,,False,False,bus,True,6.857,0.0,6.857,12.0,0.0,47.074,65.932,2.0,15.565,0.681928,normal,W0,workday,P0_no_policy,18.857,0.0,1.1,0.0,0.0
3-2026-07-07-L01,3,2026-07-07,Tuesday,outbound,activity-3-2026-07-07-002,work,Z2,Z3,2026-07-07 07:58:30.840000,2026-07-07 09:00:00,2026-07-07 07:00:00,5.0,2026-07-07 08:55:00,2026-07-07 08:55:00,0.0,True,True,True,True,walk,walk,0,0.0,0.0,0.0,0.0,0.0,56.486,0.0,0.0,0.0,0.0,0.0,0.0,2026-07-07 07:58:30.840000,metro,False,,False,False,metro,True,4.5,0.0,4.5,16.0,10.0,25.986,56.486,4.0,34.999,,normal,W0,workday,P0_no_policy,20.5,0.0,1.0,0.0,0.0
3-2026-07-07-L02,3,2026-07-07,Tuesday,return_home,activity-3-2026-07-07-002,return_home,Z3,Z2,2026-07-07 17:00:00,,,10.0,,,,,,False,False,,,0,0.0,0.0,0.0,0.0,0.0,,0.0,0.0,0.0,0.0,0.0,0.0,2026-07-07 17:00:00,bus,False,,False,False,bus,True,4.5,0.0,4.5,8.0,0.0,66.185,78.685,2.0,15.116,0.733333,normal,W0,workday,P0_no_policy,12.5,0.0,1.0,0.0,0.0
30-2026-07-07-L01,30,2026-07-07,Tuesday,outbound,activity-30-2026-07-07-003,work,Z1,Z3,2026-07-07 08:04:27.778980,2026-07-07 09:00:00,2026-07-07 07:00:00,10.0,2026-07-07 08:50:00,2026-07-07 08:50:00,0.0,True,True,True,False,,,0,0.0,0.0,0.0,0.0,0.0,,0.0,0.0,0.0,0.0,0.0,0.0,2026-07-07 08:04:27.778980,bus,False,,False,False,bus,True,4.0,0.0,4.0,8.0,0.0,33.537,45.537,2.0,15.03,0.924444,normal,W0,workday,P0_no_policy,12.0,0.0,1.1,0.0,0.0
30-2026-07-07-L02,30,2026-07-07,Tuesday,between_activities,activity-30-2026-07-07-004,shopping,Z3,Z1,2026-07-07 18:52:42.480000,2026-07-07 19:30:00,2026-07-07 18:00:00,5.0,2026-07-07 19:25:00,2026-07-07 19:25:00,0.0,True,True,True,True,walk,walk,0,0.0,0.0,0.0,0.0,0.0,32.292,0.0,0.0,0.0,0.0,0.0,0.0,2026-07-07 18:52:42.480000,metro,False,,False,False,metro,True,3.2,0.0,3.2,16.0,0.0,13.092,32.292,4.0,35.0,,normal,W0,workday,P0_no_policy,19.2,0.0,1.1,0.0,0.0
30-2026-07-07-L03,30,2026-07-07,Tuesday,return_home,activity-30-2026-07-07-004,return_home,Z1,Z1,2026-07-07 20:00:00,,,10.0,,,,,,True,True,,,0,0.0,0.0,0.0,0.0,0.0,,0.0,0.0,0.0,0.0,0.0,0.0,2026-07-07 20:00:00,bus,False,,False,False,bus,True,11.0,0.0,11.0,8.0,0.0,11.175,30.175,2.0,17.996,0.313333,normal,W0,workday,P0_no_policy,19.0,0.0,1.1,0.0,0.0
31-2026-07-07-L01,31,2026-07-07,Tuesday,outbound,activity-31-2026-07-07-002,work,Z2,Z1,2026-07-07 09:22:54.360000,2026-07-07 10:00:00,2026-07-07 08:00:00,5.0,2026-07-07 09:55:00,2026-07-07 09:55:00,0.0,True,True,True,True,walk,walk,0,0.0,0.0,0.0,0.0,0.0,32.094,0.0,0.0,0.0,0.0,0.0,0.0,2026-07-07 09:22:54.360000,metro,False,,False,False,metro,True,3.2,0.0,3.2,16.0,0.0,12.894,32.094,4.0,34.998,,normal,W0,workday,P0_no_policy,19.2,0.0,1.1,0.0,0.0
31-2026-07-07-L02,31,2026-07-07,Tuesday,return_home,activity-31-2026-07-07-002,return_home,Z1,Z2,2026-07-07 20:00:00,,,5.0,,,,,,True,True,walk,walk,0,0.0,0.0,0.0,0.0,0.0,34.894,0.0,0.0,0.0,0.0,0.0,0.0,2026-07-07 20:00:00,metro,False,,False,False,metro,True,6.0,0.0,6.0,16.0,0.0,12.894,34.894,4.0,34.998,,normal,W0,workday,P0_no_policy,22.0,0.0,1.1,0.0,0.0
32-2026-07-07-L01,32,2026-07-07,Tuesday,outbound,activity-32-2026-07-07-002,work,Z3,Z2,2026-07-07 07:01:32.853420,2026-07-07 08:30:00,2026-07-07 06:30:00,10.0,2026-07-07 08:19:59.775360,2026-07-07 08:19:59.775360,0.0,True,True,False,False,,,0,0.0,0.0,0.0,0.0,0.0,,0.0,0.0,0.0,0.0,0.0,0.0,2026-07-07 07:01:32.853420,bus,False,,False,False,bus,True,4.5,0.0,4.5,8.0,0.0,65.949,78.449,2.0,15.17,0.713333,normal,W0,workday,P0_no_policy,12.5,0.0,1.1,0.0,0.0
32-2026-07-07-L02,32,2026-07-07,Tuesday,return_home,activity-32-2026-07-07-002,return_home,Z2,Z3,2026-07-07 17:00:00,,,5.0,,,,,,True,True,walk,walk,0,0.0,0.0,0.0,0.0,0.0,54.139,0.0,0.0,0.0,0.0,0.0,0.0,2026-07-07 17:00:00,metro,False,,False,False,metro,True,3.0,0.0,3.0,16.0,9.153,25.986,54.139,4.0,34.999,,normal,W0,workday,P0_no_policy,19.0,0.0,1.1,0.0,0.0
33-2026-07-07-L01,33,2026-07-07,Tuesday,outbound,activity-33-2026-07-07-002,work,Z4,Z7,2026-07-07 08:52:11.754120,2026-07-07 10:30:00,2026-07-07 08:30:00,10.0,2026-07-07 10:20:41.080260,2026-07-07 10:20:41.080260,0.0,True,True,False,False,,,0,0.0,0.0,0.0,0.0,0.0,,0.0,0.0,0.0,0.0,0.0,0.0,2026-07-07 08:52:11.754120,bus,False,,False,False,bus,True,6.4,0.0,6.4,10.0,0.0,72.089,88.489,2.0,14.964,1.095,normal,W0,workday,P0_no_policy,16.4,0.0,1.1,0.0,0.0
33-2026-07-07-L02,33,2026-07-07,Tuesday,return_home,activity-33-2026-07-07-002,return_home,Z7,Z4,2026-07-07 19:00:00,,,10.0,,,,,,False,True,,,0,0.0,0.0,0.0,0.0,0.0,,0.0,0.0,0.0,0.0,0.0,0.0,2026-07-07 19:00:00,bus,False,,False,False,bus,True,4.48,0.0,4.48,10.0,0.0,67.225,81.705,2.0,16.047,1.101928,normal,W0,workday,P0_no_policy,14.48,0.0,1.1,0.0,0.0
34-2026-07-07-L01,34,2026-07-07,Tuesday,outbound,activity-34-2026-07-07-002,work,Z7,Z2,2026-07-07 06:51:24.988500,2026-07-07 08:30:00,2026-07-07 06:30:00,5.0,2026-07-07 08:25:08.760000,2026-07-07 08:25:08.760000,0.0,True,True,False,False,bus,bus,2,37.835,8.845,16.0,12.991,4.0,45.895,19.331,8.0,4.845,18.504,8.0,4.0,2026-07-07 06:51:24.988500,metro,False,,False,False,metro,True,11.845,0.0,11.845,16.0,10.0,55.885,93.73,9.0,30.407,,normal,W0,workday,P0_no_policy,27.845,0.0,1.1,0.0,0.0
34-2026-07-07-L02,34,2026-07-07,Tuesday,return_home,activity-34-2026-07-07-002,return_home,Z2,Z7,2026-07-07 17:00:00,,,5.0,,,,,,True,False,walk,bus,1,18.561,4.0,8.0,6.561,2.0,53.894,0.0,0.0,0.0,18.561,8.0,4.0,2026-07-07 17:00:00,metro,False,,False,False,metro,True,7.0,0.0,7.0,16.0,5.0,49.455,77.455,7.0,32.358,,normal,W0,workday,P0_no_policy,23.0,0.0,1.1,0.0,0.0
35-2026-07-07-L01,35,2026-07-07,Tuesday,outbound,activity-35-2026-07-07-002,work,Z2,Z1,2026-07-07 07:34:42.311160,2026-07-07 08:30:00,2026-07-07 06:30:00,10.0,2026-07-07 08:19:59.661780,2026-07-07 08:19:59.661780,0.0,True,True,True,False,,,0,0.0,0.0,0.0,0.0,0.0,,0.0,0.0,0.0,0.0,0.0,0.0,2026-07-07 07:34:42.311160,bus,False,,False,False,bus,True,4.5,0.0,4.5,8.0,0.0,32.789,45.289,2.0,15.139,0.713333,normal,W0,workday,P0_no_policy,12.5,0.0,1.1,0.0,0.0
35-2026-07-07-L02,35,2026-07-07,Tuesday,return_home,activity-35-2026-07-07-002,return_home,Z1,Z2,2026-07-07 18:30:00,,,10.0,,,,,,True,True,,,0,0.0,0.0,0.0,0.0,0.0,,0.0,0.0,0.0,0.0,0.0,0.0,2026-07-07 18:30:00,bus,False,,False,False,bus,True,4.0,0.0,4.0,8.0,0.0,32.898,44.898,2.0,15.089,0.944444,normal,W0,workday,P0_no_policy,12.0,0.0,1.1,0.0,0.0
36-2026-07-07-L01,36,2026-07-07,Tuesday,outbound,activity-36-2026-07-07-002,work,Z6,Z3,2026-07-07 07:13:05.495340,2026-07-07 08:30:00,2026-07-07 06:30:00,5.0,2026-07-07 08:25:00,2026-07-07 08:25:00,0.0,True,True,False,True,bus,walk,1,29.283,6.429,12.0,10.855,2.0,37.625,29.283,12.0,6.429,0.0,0.0,0.0,2026-07-07 07:13:05.495340,metro,False,,False,False,metro,True,10.029,0.0,10.029,20.0,5.0,36.879,71.908,6.0,29.172,,normal,W0,workday,P0_no_policy,30.029,0.0,1.1,0.0,0.0
36-2026-07-07-L02,36,2026-07-07,Tuesday,return_home,activity-36-2026-07-07-002,return_home,Z3,Z6,2026-07-07 18:00:00,,,10.0,,,,,,False,True,,,0,0.0,0.0,0.0,0.0,0.0,,0.0,0.0,0.0,0.0,0.0,0.0,2026-07-07 18:00:00,bus,False,,False,False,bus,True,4.0,0.0,4.0,10.0,0.0,66.519,80.519,2.0,15.062,0.945,normal,W0,workday,P0_no_policy,14.0,0.0,1.1,0.0,0.0
37-2026-07-07-L01,37,2026-07-07,Tuesday,outbound,activity-37-2026-07-07-003,work,Z3,Z7,2026-07-07 06:23:24.403920,2026-07-07 08:00:00,2026-07-07 06:00:00,5.0,2026-07-07 07:55:00,2026-07-07 07:55:00,0.0,True,True,False,True,bus,walk,1,24.501,11.0,8.0,5.501,2.0,62.092,24.501,8.0,11.0,0.0,0.0,0.0,2026-07-07 06:23:24.403920,metro,False,,False,False,metro,True,14.0,0.0,14.0,16.0,13.0,48.593,91.593,7.0,33.075,,normal,W0,workday,P0_no_policy,30.0,0.0,1.1,0.0,0.0
37-2026-07-07-L02,37,2026-07-07,Tuesday,return_home,activity-37-2026-07-07-003,return_home,Z7,Z3,2026-07-07 17:30:00,,,5.0,,,,,,True,False,walk,bus,1,18.596,4.0,8.0,6.596,2.0,65.592,0.0,0.0,0.0,18.596,8.0,4.0,2026-07-07 17:30:00,metro,False,,False,False,metro,True,8.5,0.0,8.5,16.0,15.0,49.688,89.188,7.0,32.347,,normal,W0,workday,P0_no_policy,24.5,0.0,1.1,0.0,0.0
38-2026-07-07-L01,38,2026-07-07,Tuesday,outbound,activity-38-2026-07-07-003,medical,Z8,Z8,2026-07-07 08:04:20.596440,2026-07-07 09:00:00,2026-07-07 07:00:00,10.0,2026-07-07 08:50:00,2026-07-07 08:50:00,0.0,True,True,True,True,,,0,0.0,0.0,0.0,0.0,0.0,,0.0,0.0,0.0,0.0,0.0,0.0,2026-07-07 08:04:20.596440,bus,False,,False,False,bus,True,5.714,0.0,5.714,12.0,0.0,27.942,45.657,2.0,15.03,0.924444,normal,W0,workday,P0_no_policy,17.714,0.0,1.3,0.0,0.0
38-2026-07-07-L02,38,2026-07-07,Tuesday,between_activities,activity-38-2026-07-07-004,visit,Z8,Z2,2026-07-07 11:52:42.423360,2026-07-07 13:00:00,2026-07-07 11:00:00,10.0,2026-07-07 12:50:00,2026-07-07 12:50:00,0.0,True,True,False,True,,,0,0.0,0.0,0.0,0.0,0.0,,0.0,0.0,0.0,0.0,0.0,0.0,2026-07-07 11:52:42.423360,bus,False,,False,False,bus,True,10.0,0.0,10.0,10.0,0.0,37.293,57.293,2.0,17.972,0.476667,normal,W0,workday,P0_no_policy,20.0,0.0,1.3,0.0,0.0
38-2026-07-07-L03,38,2026-07-07,Tuesday,return_home,activity-38-2026-07-07-004,return_home,Z2,Z8,2026-07-07 17:00:00,,,10.0,,,,,,True,False,,,0,0.0,0.0,0.0,0.0,0.0,,0.0,0.0,0.0,0.0,0.0,0.0,2026-07-07 17:00:00,bus,False,,False,False,bus,True,4.5,0.0,4.5,10.0,0.0,44.313,58.813,2.0,15.125,0.733333,normal,W0,workday,P0_no_policy,14.5,0.0,1.3,0.0,0.0
39-2026-07-07-L01,39,2026-07-07,Tuesday,outbound,activity-39-2026-07-07-001,out_of_home_family_activity,Z6,Z6,2026-07-07 14:28:07.486860,2026-07-07 15:30:00,2026-07-07 13:30:00,10.0,2026-07-07 15:20:00,2026-07-07 15:20:00,0.0,True,True,True,True,,,0,0.0,0.0,0.0,0.0,0.0,,0.0,0.0,0.0,0.0,0.0,0.0,2026-07-07 14:28:07.486860,bus,False,,False,False,bus,True,10.0,0.0,10.0,12.0,0.0,29.875,51.875,2.0,17.972,0.476667,normal,W0,workday,P0_no_policy,22.0,0.0,1.3,0.0,0.0
39-2026-07-07-L02,39,2026-07-07,Tuesday,return_home,activity-39-2026-07-07-001,return_home,Z6,Z6,2026-07-07 16:30:00,,,10.0,,,,,,True,True,,,0,0.0,0.0,0.0,0.0,0.0,,0.0,0.0,0.0,0.0,0.0,0.0,2026-07-07 16:30:00,bus,False,,False,False,bus,True,10.0,0.0,10.0,12.0,0.0,33.839,55.839,2.0,15.866,0.476667,normal,W0,workday,P0_no_policy,22.0,0.0,1.3,0.0,0.0
4-2026-07-07-L01,4,2026-07-07,Tuesday,outbound,activity-4-2026-07-07-003,work,Z4,Z4,2026-07-07 09:24:38.802600,2026-07-07 10:30:00,2026-07-07 08:30:00,10.0,2026-07-07 10:20:00,2026-07-07 10:20:00,0.0,True,True,True,True,,,0,0.0,0.0,0.0,0.0,0.0,,0.0,0.0,0.0,0.0,0.0,0.0,2026-07-07 09:24:38.802600,bus,False,,False,False,bus,True,6.857,0.0,6.857,12.0,0.0,36.496,55.353,2.0,15.185,0.684444,normal,W0,workday,P0_no_policy,18.857,0.0,1.0,0.0,0.0
4-2026-07-07-L02,4,2026-07-07,Tuesday,return_home,activity-4-2026-07-07-003,return_home,Z4,Z4,2026-07-07 19:30:00,,,10.0,,,,,,True,True,,,0,0.0,0.0,0.0,0.0,0.0,,0.0,0.0,0.0,0.0,0.0,0.0,2026-07-07 19:30:00,bus,False,,False,False,bus,True,6.857,0.0,6.857,12.0,0.0,32.525,51.383,2.0,17.039,0.681928,normal,W0,workday,P0_no_policy,18.857,0.0,1.0,0.0,0.0
41-2026-07-07-L01,41,2026-07-07,Tuesday,outbound,activity-41-2026-07-07-002,shopping,Z7,Z7,2026-07-07 09:13:47.886960,2026-07-07 10:00:00,2026-07-07 08:00:00,10.0,2026-07-07 09:49:59.649960,2026-07-07 09:49:59.649960,0.0,True,True,True,True,,,0,0.0,0.0,0.0,0.0,0.0,,0.0,0.0,0.0,0.0,0.0,0.0,2026-07-07 09:13:47.886960,bus,False,,False,False,bus,True,4.0,0.0,4.0,8.0,0.0,24.196,36.196,2.0,15.158,0.924444,normal,W0,workday,P0_no_policy,12.0,0.0,1.3,0.0,0.0
41-2026-07-07-L02,41,2026-07-07,Tuesday,between_activities,activity-41-2026-07-07-003,shopping,Z7,Z7,2026-07-07 14:17:22.328280,2026-07-07 15:00:00,2026-07-07 13:00:00,10.0,2026-07-07 14:50:00,2026-07-07 14:50:00,0.0,True,True,True,True,,,0,0.0,0.0,0.0,0.0,0.0,,0.0,0.0,0.0,0.0,0.0,0.0,2026-07-07 14:17:22.328280,bus,False,,False,False,bus,True,7.0,0.0,7.0,8.0,0.0,17.628,32.628,2.0,17.972,0.476667,normal,W0,workday,P0_no_policy,15.0,0.0,1.3,0.0,0.0
41-2026-07-07-L03,41,2026-07-07,Tuesday,return_home,activity-41-2026-07-07-003,return_home,Z7,Z7,2026-07-07 17:00:00,,,10.0,,,,,,False,False,,,0,0.0,0.0,0.0,0.0,0.0,,0.0,0.0,0.0,0.0,0.0,0.0,2026-07-07 17:00:00,bus,False,,False,False,bus,True,4.5,0.0,4.5,8.0,0.0,23.803,36.303,2.0,15.165,0.733333,normal,W0,workday,P0_no_policy,12.5,0.0,1.3,0.0,0.0
42-2026-07-07-L01,42,2026-07-07,Tuesday,outbound,activity-42-2026-07-07-002,shopping,Z2,Z2,2026-07-07 15:15:02.427180,2026-07-07 16:00:00,2026-07-07 14:00:00,10.0,2026-07-07 15:50:00,2026-07-07 15:50:00,0.0,True,True,True,True,,,0,0.0,0.0,0.0,0.0,0.0,,0.0,0.0,0.0,0.0,0.0,0.0,2026-07-07 15:15:02.427180,bus,False,,False,False,bus,True,7.0,0.0,7.0,8.0,0.0,19.96,34.96,2.0,17.972,0.476667,normal,W0,workday,P0_no_policy,15.0,0.0,1.3,0.0,0.0
42-2026-07-07-L02,42,2026-07-07,Tuesday,return_home,activity-42-2026-07-07-002,return_home,Z2,Z2,2026-07-07 17:30:00,,,8.0,,,,,,False,False,,,0,0.0,0.0,0.0,0.0,0.0,,0.0,0.0,0.0,0.0,0.0,0.0,2026-07-07 17:30:00,ride_hailing,False,,False,False,ride_hailing,True,11.0,0.0,11.0,2.0,0.0,11.85,24.85,20.57,27.519,0.945,normal,W0,workday,P0_no_policy,11.0,0.0,1.3,0.0,0.0
44-2026-07-07-L01,44,2026-07-07,Tuesday,outbound,activity-44-2026-07-07-001,medical,Z4,Z7,2026-07-07 10:00:56.482620,2026-07-07 11:30:00,2026-07-07 09:30:00,10.0,2026-07-07 11:19:50.283900,2026-07-07 11:19:50.283900,0.0,True,True,False,True,,,0,0.0,0.0,0.0,0.0,0.0,,0.0,0.0,0.0,0.0,0.0,0.0,2026-07-07 10:00:56.482620,bus,False,,False,False,bus,True,7.013,0.0,7.013,10.0,0.0,61.884,78.897,2.0,17.432,0.671373,normal,W0,workday,P0_no_policy,17.013,0.0,1.3,0.0,0.0
44-2026-07-07-L02,44,2026-07-07,Tuesday,return_home,activity-44-2026-07-07-001,return_home,Z7,Z4,2026-07-07 13:00:00,,,5.0,,,,,,True,True,walk,walk,0,0.0,0.0,0.0,0.0,0.0,53.019,0.0,0.0,0.0,0.0,0.0,0.0,2026-07-07 13:00:00,metro,False,,False,False,metro,True,5.0,0.0,5.0,20.0,0.0,28.019,53.019,5.0,35.001,,normal,W0,workday,P0_no_policy,25.0,0.0,1.3,0.0,0.0
46-2026-07-07-L01,46,2026-07-07,Tuesday,outbound,activity-46-2026-07-07-001,shopping,Z5,Z5,2026-07-07 15:12:31.893060,2026-07-07 16:00:00,2026-07-07 14:00:00,10.0,2026-07-07 15:50:00,2026-07-07 15:50:00,0.0,True,True,False,False,,,0,0.0,0.0,0.0,0.0,0.0,,0.0,0.0,0.0,0.0,0.0,0.0,2026-07-07 15:12:31.893060,bus,False,,False,False,bus,True,10.0,0.0,10.0,12.0,0.0,15.468,37.468,2.0,17.972,0.476667,normal,W0,workday,P0_no_policy,22.0,0.0,1.3,0.0,0.0
46-2026-07-07-L02,46,2026-07-07,Tuesday,return_home,activity-46-2026-07-07-001,return_home,Z5,Z5,2026-07-07 17:30:00,,,10.0,,,,,,True,True,,,0,0.0,0.0,0.0,0.0,0.0,,0.0,0.0,0.0,0.0,0.0,0.0,2026-07-07 17:30:00,bus,False,,False,False,bus,True,5.714,0.0,5.714,12.0,0.0,18.52,36.235,2.0,15.01,0.945,normal,W0,workday,P0_no_policy,17.714,0.0,1.3,0.0,0.0
47-2026-07-07-L01,47,2026-07-07,Tuesday,outbound,activity-47-2026-07-07-002,medical,Z3,Z6,2026-07-07 12:37:14.993040,2026-07-07 14:00:00,2026-07-07 12:00:00,10.0,2026-07-07 13:50:00,2026-07-07 13:50:00,0.0,True,True,True,False,,,0,0.0,0.0,0.0,0.0,0.0,,0.0,0.0,0.0,0.0,0.0,0.0,2026-07-07 12:37:14.993040,bus,False,,False,False,bus,True,7.0,0.0,7.0,10.0,0.0,55.75,72.75,2.0,17.972,0.476667,normal,W0,workday,P0_no_policy,17.0,0.0,1.3,0.0,0.0
47-2026-07-07-L02,47,2026-07-07,Tuesday,return_home,activity-47-2026-07-07-002,return_home,Z6,Z3,2026-07-07 17:00:00,,,10.0,,,,,,True,False,,,0,0.0,0.0,0.0,0.0,0.0,,0.0,0.0,0.0,0.0,0.0,0.0,2026-07-07 17:00:00,bus,False,,False,False,bus,True,6.429,0.0,6.429,10.0,0.0,66.31,82.738,2.0,15.11,0.733333,normal,W0,workday,P0_no_policy,16.429,0.0,1.3,0.0,0.0
48-2026-07-07-L01,48,2026-07-07,Tuesday,outbound,activity-48-2026-07-07-003,medical,Z3,Z1,2026-07-07 09:34:05.080440,2026-07-07 10:30:00,2026-07-07 08:30:00,10.0,2026-07-07 10:20:00,2026-07-07 10:20:00,0.0,True,True,True,True,,,0,0.0,0.0,0.0,0.0,0.0,,0.0,0.0,0.0,0.0,0.0,0.0,2026-07-07 09:34:05.080440,bus,False,,False,False,bus,True,4.8,0.0,4.8,8.0,0.0,33.115,45.915,2.0,15.221,0.671373,normal,W0,workday,P0_no_policy,12.8,0.0,1.3,0.0,0.0
48-2026-07-07-L02,48,2026-07-07,Tuesday,return_home,activity-48-2026-07-07-003,return_home,Z1,Z3,2026-07-07 12:00:00,,,10.0,,,,,,False,True,,,0,0.0,0.0,0.0,0.0,0.0,,0.0,0.0,0.0,0.0,0.0,0.0,2026-07-07 12:00:00,bus,False,,False,False,bus,True,7.0,0.0,7.0,8.0,0.0,28.047,43.047,2.0,17.972,0.476667,normal,W0,workday,P0_no_policy,15.0,0.0,1.3,0.0,0.0
49-2026-07-07-L01,49,2026-07-07,Tuesday,outbound,activity-49-2026-07-07-002,out_of_home_family_activity,Z7,Z7,2026-07-07 09:35:09.373200,2026-07-07 11:00:00,2026-07-07 09:00:00,10.0,2026-07-07 10:50:37.371000,2026-07-07 10:50:37.371000,0.0,True,True,False,False,,,0,0.0,0.0,0.0,0.0,0.0,,0.0,0.0,0.0,0.0,0.0,0.0,2026-07-07 09:35:09.373200,bus,False,,False,False,bus,True,4.8,0.0,4.8,8.0,0.0,62.667,75.467,2.0,16.124,0.671373,normal,W0,workday,P0_no_policy,12.8,0.0,1.3,0.0,0.0
49-2026-07-07-L02,49,2026-07-07,Tuesday,return_home,activity-49-2026-07-07-002,return_home,Z7,Z7,2026-07-07 15:00:00,,,10.0,,,,,,False,False,,,0,0.0,0.0,0.0,0.0,0.0,,0.0,0.0,0.0,0.0,0.0,0.0,2026-07-07 15:00:00,bus,False,,False,False,bus,True,7.0,0.0,7.0,8.0,0.0,56.226,71.226,2.0,17.972,0.476667,normal,W0,workday,P0_no_policy,15.0,0.0,1.3,0.0,0.0
5-2026-07-07-L01,5,2026-07-07,Tuesday,outbound,activity-5-2026-07-07-002,work,Z4,Z1,2026-07-07 08:41:17.507280,2026-07-07 10:30:00,2026-07-07 08:30:00,5.0,2026-07-07 10:25:00,2026-07-07 10:25:00,0.0,True,True,False,True,bus,walk,1,28.695,5.714,12.0,10.981,2.0,70.013,28.695,12.0,5.714,0.0,0.0,0.0,2026-07-07 08:41:17.507280,metro,False,,False,False,metro,True,9.708,0.0,9.708,20.0,5.0,69.0,103.708,8.0,31.822,,normal,W0,workday,P0_no_policy,29.708,0.0,1.0,0.0,0.0
5-2026-07-07-L02,5,2026-07-07,Tuesday,return_home,activity-5-2026-07-07-002,return_home,Z1,Z4,2026-07-07 20:30:00,,,5.0,,,,,,True,False,walk,bus,1,36.883,15.714,12.0,9.169,2.0,72.019,0.0,0.0,0.0,36.883,12.0,15.714,2026-07-07 20:30:00,metro,False,,False,False,metro,True,21.714,0.0,21.714,20.0,5.0,67.188,113.902,8.0,32.68,,normal,W0,workday,P0_no_policy,41.714,0.0,1.0,0.0,0.0
50-2026-07-07-L01,50,2026-07-07,Tuesday,outbound,activity-50-2026-07-07-001,out_of_home_family_activity,Z4,Z4,2026-07-07 11:13:18.802200,2026-07-07 12:30:00,2026-07-07 10:30:00,10.0,2026-07-07 12:20:00,2026-07-07 12:20:00,0.0,True,True,True,True,,,0,0.0,0.0,0.0,0.0,0.0,,0.0,0.0,0.0,0.0,0.0,0.0,2026-07-07 11:13:18.802200,bus,False,,False,False,bus,True,10.0,0.0,10.0,12.0,0.0,44.687,66.687,2.0,17.972,0.476667,normal,W0,workday,P0_no_policy,22.0,0.0,1.3,0.0,0.0
50-2026-07-07-L02,50,2026-07-07,Tuesday,return_home,activity-50-2026-07-07-001,return_home,Z4,Z4,2026-07-07 18:30:00,,,10.0,,,,,,False,False,,,0,0.0,0.0,0.0,0.0,0.0,,0.0,0.0,0.0,0.0,0.0,0.0,2026-07-07 18:30:00,bus,False,,False,False,bus,True,5.714,0.0,5.714,12.0,0.0,53.038,70.753,2.0,15.142,0.944444,normal,W0,workday,P0_no_policy,17.714,0.0,1.3,0.0,0.0
7-2026-07-07-L01,7,2026-07-07,Tuesday,outbound,activity-7-2026-07-07-002,work,Z1,Z1,2026-07-07 08:53:52.380000,2026-07-07 09:30:00,2026-07-07 07:30:00,5.0,2026-07-07 09:25:00,2026-07-07 09:25:00,0.0,True,True,True,True,walk,walk,0,0.0,0.0,0.0,0.0,0.0,31.127,0.0,0.0,0.0,0.0,0.0,0.0,2026-07-07 08:53:52.380000,metro,False,,False,False,metro,True,4.5,0.0,4.5,16.0,0.0,10.627,31.127,4.0,35.0,,normal,W0,workday,P0_no_policy,20.5,0.0,1.0,0.0,0.0
7-2026-07-07-L02,7,2026-07-07,Tuesday,return_home,activity-7-2026-07-07-002,return_home,Z1,Z1,2026-07-07 18:00:00,,,5.0,,,,,,True,True,walk,walk,0,0.0,0.0,0.0,0.0,0.0,31.127,0.0,0.0,0.0,0.0,0.0,0.0,2026-07-07 18:00:00,metro,False,,False,False,metro,True,4.5,0.0,4.5,16.0,0.0,10.627,31.127,4.0,35.0,,normal,W0,workday,P0_no_policy,20.5,0.0,1.0,0.0,0.0
8-2026-07-07-L01,8,2026-07-07,Tuesday,outbound,activity-8-2026-07-07-002,work,Z6,Z6,2026-07-07 08:02:01.037640,2026-07-07 09:00:00,2026-07-07 07:00:00,10.0,2026-07-07 08:50:00,2026-07-07 08:50:00,0.0,True,True,False,False,,,0,0.0,0.0,0.0,0.0,0.0,,0.0,0.0,0.0,0.0,0.0,0.0,2026-07-07 08:02:01.037640,bus,False,,False,False,bus,True,5.714,0.0,5.714,12.0,0.0,30.269,47.983,2.0,15.03,0.924444,normal,W0,workday,P0_no_policy,17.714,0.0,1.0,0.0,0.0
8-2026-07-07-L02,8,2026-07-07,Tuesday,return_home,activity-8-2026-07-07-002,return_home,Z6,Z6,2026-07-07 18:00:00,,,8.0,,,,,,False,False,,,0,0.0,0.0,0.0,0.0,0.0,,0.0,0.0,0.0,0.0,0.0,0.0,2026-07-07 18:00:00,ride_hailing,False,,False,False,ride_hailing,True,14.667,0.0,14.667,2.0,0.0,15.029,31.695,24.51,27.519,0.945,normal,W0,workday,P0_no_policy,14.667,0.0,1.0,0.0,0.0
9-2026-07-07-L01,9,2026-07-07,Tuesday,outbound,activity-9-2026-07-07-002,work,Z7,Z3,2026-07-07 07:41:48.900000,2026-07-07 09:00:00,2026-07-07 07:00:00,5.0,2026-07-07 08:54:18.840000,2026-07-07 08:54:18.840000,0.0,True,True,True,True,walk,walk,0,0.0,0.0,0.0,0.0,0.0,72.499,0.0,0.0,0.0,0.0,0.0,0.0,2026-07-07 07:41:48.900000,metro,False,,False,False,metro,True,3.407,0.0,3.407,16.0,10.0,43.092,72.499,5.0,35.0,,normal,W0,workday,P0_no_policy,19.407,0.0,1.0,0.0,0.0
9-2026-07-07-L02,9,2026-07-07,Tuesday,return_home,activity-9-2026-07-07-002,return_home,Z3,Z7,2026-07-07 17:00:00,,,5.0,,,,,,True,False,walk,bus,1,18.561,4.0,8.0,6.561,2.0,63.581,0.0,0.0,0.0,18.561,8.0,4.0,2026-07-07 17:00:00,metro,False,,False,False,metro,True,7.0,0.0,7.0,16.0,14.489,49.653,87.142,7.0,32.369,,normal,W0,workday,P0_no_policy,23.0,0.0,1.0,0.0,0.0
1-2026-07-11-L01,1,2026-07-11,Saturday,outbound,activity-1-2026-07-11-007,visit,Z3,Z3,2026-07-11 10:44:34.663260,2026-07-11 11:30:00,2026-07-11 09:30:00,10.0,2026-07-11 11:20:00,2026-07-11 11:20:00,0.0,True,True,True,True,,,0,0.0,0.0,0.0,0.0,0.0,,0.0,0.0,0.0,0.0,0.0,0.0,2026-07-11 10:44:34.663260,bus,False,,False,False,bus,True,7.0,0.0,7.0,8.0,0.0,20.422,35.422,2.0,17.972,0.476667,normal,W0,rest_day,P0_no_policy,15.0,0.0,1.0,0.0,0.0
1-2026-07-11-L02,1,2026-07-11,Saturday,between_activities,activity-1-2026-07-11-008,social_leisure,Z3,Z2,2026-07-11 14:39:19.920840,2026-07-11 16:00:00,2026-07-11 14:00:00,10.0,2026-07-11 15:50:00,2026-07-11 15:50:00,0.0,True,True,False,True,,,0,0.0,0.0,0.0,0.0,0.0,,0.0,0.0,0.0,0.0,0.0,0.0,2026-07-11 14:39:19.920840,bus,False,,False,False,bus,True,7.0,0.0,7.0,8.0,0.0,55.668,70.668,2.0,17.972,0.476667,normal,W0,rest_day,P0_no_policy,15.0,0.0,1.0,0.0,0.0
1-2026-07-11-L03,1,2026-07-11,Saturday,return_home,activity-1-2026-07-11-008,return_home,Z2,Z3,2026-07-11 18:00:00,,,5.0,,,,,,True,True,walk,walk,0,0.0,0.0,0.0,0.0,0.0,56.486,0.0,0.0,0.0,0.0,0.0,0.0,2026-07-11 18:00:00,metro,False,,False,False,metro,True,4.5,0.0,4.5,16.0,10.0,25.986,56.486,4.0,34.999,,normal,W0,rest_day,P0_no_policy,20.5,0.0,1.0,0.0,0.0
10-2026-07-11-L01,10,2026-07-11,Saturday,outbound,activity-10-2026-07-11-009,medical,Z5,Z5,2026-07-11 10:49:57.171840,2026-07-11 12:00:00,2026-07-11 10:00:00,10.0,2026-07-11 11:50:00,2026-07-11 11:50:00,0.0,True,True,False,False,,,0,0.0,0.0,0.0,0.0,0.0,,0.0,0.0,0.0,0.0,0.0,0.0,2026-07-11 10:49:57.171840,bus,False,,False,False,bus,True,10.0,0.0,10.0,12.0,0.0,38.047,60.047,2.0,17.972,0.476667,normal,W0,rest_day,P0_no_policy,22.0,0.0,1.0,0.0,0.0
10-2026-07-11-L02,10,2026-07-11,Saturday,return_home,activity-10-2026-07-11-009,return_home,Z5,Z5,2026-07-11 16:00:00,,,8.0,,,,,,True,True,,,0,0.0,0.0,0.0,0.0,0.0,,0.0,0.0,0.0,0.0,0.0,0.0,2026-07-11 16:00:00,ride_hailing,False,,False,False,ride_hailing,True,8.0,0.0,8.0,2.0,0.0,18.866,28.866,33.87,32.947,0.477222,normal,W0,rest_day,P0_no_policy,8.0,0.0,1.0,0.0,0.0
11-2026-07-11-L01,11,2026-07-11,Saturday,outbound,activity-11-2026-07-11-008,social_leisure,Z5,Z5,2026-07-11 09:25:15.288180,2026-07-11 10:30:00,2026-07-11 08:30:00,10.0,2026-07-11 10:20:00,2026-07-11 10:20:00,0.0,True,True,False,False,,,0,0.0,0.0,0.0,0.0,0.0,,0.0,0.0,0.0,0.0,0.0,0.0,2026-07-11 09:25:15.288180,bus,False,,False,False,bus,True,6.857,0.0,6.857,12.0,0.0,35.888,54.745,2.0,15.185,0.684444,normal,W0,rest_day,P0_no_policy,18.857,0.0,1.0,0.0,0.0
11-2026-07-11-L02,11,2026-07-11,Saturday,between_activities,activity-11-2026-07-11-009,shopping,Z5,Z5,2026-07-11 13:05:48.720000,2026-07-11 14:00:00,2026-07-11 12:30:00,3.0,2026-07-11 13:57:00,2026-07-11 13:57:00,0.0,True,True,False,False,,,0,0.0,0.0,0.0,0.0,0.0,,0.0,0.0,0.0,0.0,0.0,0.0,2026-07-11 13:05:48.720000,walk,False,,False,False,walk,True,0.0,0.0,0.0,0.0,0.0,51.188,51.188,0.0,4.8,,normal,W0,rest_day,P0_no_policy,51.188,0.0,1.0,0.0,0.0
11-2026-07-11-L03,11,2026-07-11,Saturday,between_activities,activity-11-2026-07-11-010,social_leisure,Z5,Z5,2026-07-11 18:57:01.714440,2026-07-11 19:30:00,2026-07-11 17:30:00,8.0,2026-07-11 19:22:04.680000,2026-07-11 19:22:04.680000,0.0,True,True,False,False,,,0,0.0,0.0,0.0,0.0,0.0,,0.0,0.0,0.0,0.0,0.0,0.0,2026-07-11 18:57:01.714440,ride_hailing,False,,False,False,ride_hailing,True,10.932,0.0,10.932,2.0,0.0,12.117,25.049,21.07,27.827,0.695,normal,W0,rest_day,P0_no_policy,10.932,0.0,1.0,0.0,0.0
11-2026-07-11-L04,11,2026-07-11,Saturday,return_home,activity-11-2026-07-11-010,return_home,Z5,Z5,2026-07-11 22:30:00,,,10.0,,,,,,True,True,,,0,0.0,0.0,0.0,0.0,0.0,,0.0,0.0,0.0,0.0,0.0,0.0,2026-07-11 22:30:00,bus,False,,False,False,bus,True,15.714,0.0,15.714,12.0,0.0,29.828,57.542,2.0,17.996,0.313333,normal,W0,rest_day,P0_no_policy,27.714,0.0,1.0,0.0,0.0
12-2026-07-11-L01,12,2026-07-11,Saturday,outbound,activity-12-2026-07-11-007,social_leisure,Z5,Z5,2026-07-11 12:04:42.056400,2026-07-11 12:30:00,2026-07-11 10:30:00,8.0,2026-07-11 12:22:00,2026-07-11 12:22:00,0.0,True,True,False,False,,,0,0.0,0.0,0.0,0.0,0.0,,0.0,0.0,0.0,0.0,0.0,0.0,2026-07-11 12:04:42.056400,ride_hailing,False,,False,False,ride_hailing,True,8.0,0.0,8.0,2.0,0.0,7.299,17.299,16.72,32.945,0.477778,normal,W0,rest_day,P0_no_policy,8.0,0.0,1.0,0.0,0.0
12-2026-07-11-L02,12,2026-07-11,Saturday,between_activities,activity-12-2026-07-11-008,shopping,Z5,Z7,2026-07-11 14:30:00,2026-07-11 16:00:00,2026-07-11 14:30:00,10.0,2026-07-11 15:52:54.145260,2026-07-11 15:52:54.145260,0.0,True,True,False,True,,,0,0.0,0.0,0.0,0.0,0.0,,0.0,0.0,0.0,0.0,0.0,0.0,2026-07-11 14:30:00,bus,False,,False,False,bus,True,10.0,0.0,10.0,10.0,0.0,62.902,82.902,2.0,17.972,0.476667,normal,W0,rest_day,P0_no_policy,20.0,0.0,1.0,0.0,0.0
12-2026-07-11-L03,12,2026-07-11,Saturday,return_home,activity-12-2026-07-11-008,return_home,Z7,Z5,2026-07-11 17:00:00,,,5.0,,,,,,True,False,walk,bus,1,28.65,5.714,12.0,10.936,2.0,40.482,0.0,0.0,0.0,28.65,12.0,5.714,2026-07-11 17:00:00,metro,False,,False,False,metro,True,8.834,0.0,8.834,20.0,5.0,40.298,74.132,7.0,29.596,,normal,W0,rest_day,P0_no_policy,28.834,0.0,1.0,0.0,0.0
13-2026-07-11-L01,13,2026-07-11,Saturday,outbound,activity-13-2026-07-11-009,social_leisure,Z2,Z2,2026-07-11 07:55:57.693060,2026-07-11 09:00:00,2026-07-11 07:00:00,10.0,2026-07-11 08:50:00,2026-07-11 08:50:00,0.0,True,True,False,False,,,0,0.0,0.0,0.0,0.0,0.0,,0.0,0.0,0.0,0.0,0.0,0.0,2026-07-11 07:55:57.693060,bus,False,,False,False,bus,True,4.0,0.0,4.0,8.0,0.0,42.038,54.038,2.0,15.1,0.913333,normal,W0,rest_day,P0_no_policy,12.0,0.0,1.0,0.0,0.0
13-2026-07-11-L02,13,2026-07-11,Saturday,between_activities,activity-13-2026-07-11-010,out_of_home_family_activity,Z2,Z3,2026-07-11 13:01:00.840000,2026-07-11 14:00:00,2026-07-11 12:00:00,5.0,2026-07-11 13:55:00,2026-07-11 13:55:00,0.0,True,True,True,True,walk,walk,0,0.0,0.0,0.0,0.0,0.0,53.986,0.0,0.0,0.0,0.0,0.0,0.0,2026-07-11 13:01:00.840000,metro,False,,False,False,metro,True,5.0,0.0,5.0,16.0,7.0,25.986,53.986,4.0,34.999,,normal,W0,rest_day,P0_no_policy,21.0,0.0,1.0,0.0,0.0
13-2026-07-11-L03,13,2026-07-11,Saturday,between_activities,activity-13-2026-07-11-011,visit,Z3,Z3,2026-07-11 19:15:19.204500,2026-07-11 20:30:00,2026-07-11 18:30:00,10.0,2026-07-11 20:20:36.967440,2026-07-11 20:20:36.967440,0.0,True,True,False,False,,,0,0.0,0.0,0.0,0.0,0.0,,0.0,0.0,0.0,0.0,0.0,0.0,2026-07-11 19:15:19.204500,bus,False,,False,False,bus,True,4.8,0.0,4.8,8.0,0.0,52.496,65.296,2.0,16.305,0.681928,normal,W0,rest_day,P0_no_policy,12.8,0.0,1.0,0.0,0.0
13-2026-07-11-L04,13,2026-07-11,Saturday,return_home,activity-13-2026-07-11-011,return_home,Z3,Z2,2026-07-11 22:30:00,,,10.0,,,,,,True,False,,,0,0.0,0.0,0.0,0.0,0.0,,0.0,0.0,0.0,0.0,0.0,0.0,2026-07-11 22:30:00,bus,False,,False,False,bus,True,11.0,0.0,11.0,8.0,0.0,55.593,74.593,2.0,17.996,0.313333,normal,W0,rest_day,P0_no_policy,19.0,0.0,1.0,0.0,0.0
14-2026-07-11-L01,14,2026-07-11,Saturday,outbound,activity-14-2026-07-11-008,shopping,Z6,Z3,2026-07-11 14:04:14.872980,2026-07-11 15:30:00,2026-07-11 13:30:00,10.0,2026-07-11 15:20:00,2026-07-11 15:20:00,0.0,True,True,False,True,,,0,0.0,0.0,0.0,0.0,0.0,,0.0,0.0,0.0,0.0,0.0,0.0,2026-07-11 14:04:14.872980,bus,False,,False,False,bus,True,10.0,0.0,10.0,10.0,0.0,55.752,75.752,2.0,17.971,0.477222,normal,W0,rest_day,P0_no_policy,20.0,0.0,1.0,0.0,0.0
14-2026-07-11-L02,14,2026-07-11,Saturday,between_activities,activity-14-2026-07-11-009,shopping,Z3,Z6,2026-07-11 16:44:21.454860,2026-07-11 18:00:00,2026-07-11 16:30:00,5.0,2026-07-11 17:55:00.156420,2026-07-11 17:55:00.156420,0.0,True,True,True,False,walk,bus,1,28.621,5.714,12.0,10.907,2.0,37.024,0.0,0.0,0.0,28.621,12.0,5.714,2026-07-11 16:44:21.454860,metro,False,,False,False,metro,True,8.714,0.0,8.714,20.0,5.0,36.931,70.645,6.0,29.132,,normal,W0,rest_day,P0_no_policy,28.714,0.0,1.0,0.0,0.0
14-2026-07-11-L03,14,2026-07-11,Saturday,return_home,activity-14-2026-07-11-009,return_home,Z6,Z6,2026-07-11 19:00:00,,,3.0,,,,,,False,False,,,0,0.0,0.0,0.0,0.0,0.0,,0.0,0.0,0.0,0.0,0.0,0.0,2026-07-11 19:00:00,walk,False,,False,False,walk,True,0.0,0.0,0.0,0.0,0.0,49.35,49.35,0.0,4.8,,normal,W0,rest_day,P0_no_policy,49.35,0.0,1.0,0.0,0.0
15-2026-07-11-L01,15,2026-07-11,Saturday,outbound,activity-15-2026-07-11-008,social_leisure,Z7,Z5,2026-07-11 12:00:05.583420,2026-07-11 13:30:00,2026-07-11 11:30:00,10.0,2026-07-11 13:20:00,2026-07-11 13:20:00,0.0,True,True,True,False,,,0,0.0,0.0,0.0,0.0,0.0,,0.0,0.0,0.0,0.0,0.0,0.0,2026-07-11 12:00:05.583420,bus,False,,False,False,bus,True,7.0,0.0,7.0,10.0,0.0,62.907,79.907,2.0,17.97,0.477778,normal,W0,rest_day,P0_no_policy,17.0,0.0,1.0,0.0,0.0
15-2026-07-11-L02,15,2026-07-11,Saturday,return_home,activity-15-2026-07-11-008,return_home,Z5,Z7,2026-07-11 15:30:00,,,10.0,,,,,,False,False,,,0,0.0,0.0,0.0,0.0,0.0,,0.0,0.0,0.0,0.0,0.0,0.0,2026-07-11 15:30:00,bus,False,,False,False,bus,True,10.0,0.0,10.0,10.0,0.0,62.902,82.902,2.0,17.972,0.476667,normal,W0,rest_day,P0_no_policy,20.0,0.0,1.0,0.0,0.0
16-2026-07-11-L01,16,2026-07-11,Saturday,outbound,activity-16-2026-07-11-008,social_leisure,Z1,Z1,2026-07-11 08:47:53.515320,2026-07-11 09:30:00,2026-07-11 07:30:00,10.0,2026-07-11 09:20:00,2026-07-11 09:20:00,0.0,True,True,True,True,,,0,0.0,0.0,0.0,0.0,0.0,,0.0,0.0,0.0,0.0,0.0,0.0,2026-07-11 08:47:53.515320,bus,False,,False,False,bus,True,4.0,0.0,4.0,8.0,0.0,20.108,32.108,2.0,15.03,0.924444,normal,W0,rest_day,P0_no_policy,12.0,0.0,1.0,0.0,0.0
16-2026-07-11-L02,16,2026-07-11,Saturday,between_activities,activity-16-2026-07-11-009,social_leisure,Z1,Z7,2026-07-11 12:46:29.477580,2026-07-11 14:00:00,2026-07-11 12:00:00,5.0,2026-07-11 13:55:00,2026-07-11 13:55:00,0.0,True,True,True,False,walk,bus,1,20.509,7.0,8.0,5.509,2.0,43.0,0.0,0.0,0.0,20.509,8.0,7.0,2026-07-11 12:46:29.477580,metro,False,,False,False,metro,True,12.0,0.0,12.0,16.0,5.0,35.509,68.509,7.0,32.358,,normal,W0,rest_day,P0_no_policy,28.0,0.0,1.0,0.0,0.0
16-2026-07-11-L03,16,2026-07-11,Saturday,between_activities,activity-16-2026-07-11-010,visit,Z7,Z5,2026-07-11 18:30:35.880000,2026-07-11 19:30:00,2026-07-11 18:00:00,5.0,2026-07-11 19:25:00,2026-07-11 19:25:00,0.0,True,True,True,True,walk,walk,0,0.0,0.0,0.0,0.0,0.0,54.402,0.0,0.0,0.0,0.0,0.0,0.0,2026-07-11 18:30:35.880000,metro,False,,False,False,metro,True,5.04,0.0,5.04,20.0,0.0,29.362,54.402,5.0,35.0,,normal,W0,rest_day,P0_no_policy,25.04,0.0,1.0,0.0,0.0
16-2026-07-11-L04,16,2026-07-11,Saturday,return_home,activity-16-2026-07-11-010,return_home,Z5,Z1,2026-07-11 22:30:00,,,5.0,,,,,,True,False,walk,bus,1,24.501,11.0,8.0,5.501,2.0,84.414,0.0,0.0,0.0,24.501,8.0,11.0,2026-07-11 22:30:00,metro,False,,False,False,metro,True,18.2,0.0,18.2,20.0,14.0,61.715,113.915,8.0,33.484,,normal,W0,rest_day,P0_no_policy,38.2,0.0,1.0,0.0,0.0
18-2026-07-11-L01,18,2026-07-11,Saturday,outbound,activity-18-2026-07-11-008,social_leisure,Z7,Z7,2026-07-11 08:44:29.880000,2026-07-11 09:30:00,2026-07-11 07:30:00,5.0,2026-07-11 09:25:00,2026-07-11 09:25:00,0.0,True,True,True,True,walk,walk,0,0.0,0.0,0.0,0.0,0.0,40.502,0.0,0.0,0.0,0.0,0.0,0.0,2026-07-11 08:44:29.880000,metro,False,,False,False,metro,True,4.5,0.0,4.5,16.0,0.0,20.002,40.502,4.0,35.0,,normal,W0,rest_day,P0_no_policy,20.5,0.0,1.0,0.0,0.0
18-2026-07-11-L02,18,2026-07-11,Saturday,between_activities,activity-18-2026-07-11-009,social_leisure,Z7,Z1,2026-07-11 13:46:29.477580,2026-07-11 15:00:00,2026-07-11 13:30:00,5.0,2026-07-11 14:55:00,2026-07-11 14:55:00,0.0,True,True,True,False,walk,bus,1,20.509,7.0,8.0,5.509,2.0,43.0,0.0,0.0,0.0,20.509,8.0,7.0,2026-07-11 13:46:29.477580,metro,False,,False,False,metro,True,12.0,0.0,12.0,16.0,5.0,35.509,68.509,7.0,32.358,,normal,W0,rest_day,P0_no_policy,28.0,0.0,1.0,0.0,0.0
18-2026-07-11-L03,18,2026-07-11,Saturday,between_activities,activity-18-2026-07-11-010,visit,Z1,Z2,2026-07-11 20:20:06.360000,2026-07-11 21:00:00,2026-07-11 19:00:00,5.0,2026-07-11 20:55:00,2026-07-11 20:55:00,0.0,True,True,True,True,walk,walk,0,0.0,0.0,0.0,0.0,0.0,34.894,0.0,0.0,0.0,0.0,0.0,0.0,2026-07-11 20:20:06.360000,metro,False,,False,False,metro,True,6.0,0.0,6.0,16.0,0.0,12.894,34.894,4.0,34.998,,normal,W0,rest_day,P0_no_policy,22.0,0.0,1.0,0.0,0.0
18-2026-07-11-L04,18,2026-07-11,Saturday,return_home,activity-18-2026-07-11-010,return_home,Z2,Z7,2026-07-11 22:00:00,,,5.0,,,,,,False,True,bus,walk,1,24.501,11.0,8.0,5.501,2.0,56.894,24.501,8.0,11.0,0.0,0.0,0.0,2026-07-11 22:00:00,metro,False,,False,False,metro,True,17.0,0.0,17.0,16.0,5.0,48.395,86.395,7.0,33.066,,normal,W0,rest_day,P0_no_policy,33.0,0.0,1.0,0.0,0.0
19-2026-07-11-L01,19,2026-07-11,Saturday,outbound,activity-19-2026-07-11-009,shopping,Z3,Z3,2026-07-11 12:19:33,2026-07-11 13:00:00,2026-07-11 11:00:00,3.0,2026-07-11 12:57:00,2026-07-11 12:57:00,0.0,True,True,True,True,,,0,0.0,0.0,0.0,0.0,0.0,,0.0,0.0,0.0,0.0,0.0,0.0,2026-07-11 12:19:33,walk,False,,False,False,walk,True,0.0,0.0,0.0,0.0,0.0,37.45,37.45,0.0,4.8,,normal,W0,rest_day,P0_no_policy,37.45,0.0,1.0,0.0,0.0
19-2026-07-11-L02,19,2026-07-11,Saturday,return_home,activity-19-2026-07-11-009,return_home,Z3,Z3,2026-07-11 14:00:00,,,8.0,,,,,,True,True,,,0,0.0,0.0,0.0,0.0,0.0,,0.0,0.0,0.0,0.0,0.0,0.0,2026-07-11 14:00:00,ride_hailing,False,,False,False,ride_hailing,True,6.0,0.0,6.0,2.0,0.0,5.456,13.456,14.0,32.947,0.477222,normal,W0,rest_day,P0_no_policy,6.0,0.0,1.0,0.0,0.0
2-2026-07-11-L01,2,2026-07-11,Saturday,outbound,activity-2-2026-07-11-007,out_of_home_family_care,Z7,Z2,2026-07-11 09:52:54.360000,2026-07-11 11:00:00,2026-07-11 09:00:00,5.0,2026-07-11 10:55:00,2026-07-11 10:55:00,0.0,True,True,True,True,walk,walk,0,0.0,0.0,0.0,0.0,0.0,62.094,0.0,0.0,0.0,0.0,0.0,0.0,2026-07-11 09:52:54.360000,metro,False,,False,False,metro,True,3.2,0.0,3.2,16.0,0.0,42.894,62.094,5.0,34.999,,normal,W0,rest_day,P0_no_policy,19.2,0.0,1.0,0.0,0.0
2-2026-07-11-L02,2,2026-07-11,Saturday,return_home,activity-2-2026-07-11-007,return_home,Z2,Z7,2026-07-11 13:00:00,,,10.0,,,,,,False,False,,,0,0.0,0.0,0.0,0.0,0.0,,0.0,0.0,0.0,0.0,0.0,0.0,2026-07-11 13:00:00,bus,False,,False,False,bus,True,7.0,0.0,7.0,8.0,0.0,91.89,106.89,2.0,17.972,0.476667,normal,W0,rest_day,P0_no_policy,15.0,0.0,1.0,0.0,0.0
20-2026-07-11-L01,20,2026-07-11,Saturday,outbound,activity-20-2026-07-11-008,medical,Z2,Z2,2026-07-11 08:18:34.680000,2026-07-11 09:00:00,2026-07-11 07:00:00,5.0,2026-07-11 08:55:00,2026-07-11 08:55:00,0.0,True,True,True,True,walk,walk,0,0.0,0.0,0.0,0.0,0.0,36.422,0.0,0.0,0.0,0.0,0.0,0.0,2026-07-11 08:18:34.680000,metro,False,,False,False,metro,True,4.5,0.0,4.5,16.0,0.0,15.922,36.422,4.0,35.001,,normal,W0,rest_day,P0_no_policy,20.5,0.0,1.0,0.0,0.0
20-2026-07-11-L02,20,2026-07-11,Saturday,return_home,activity-20-2026-07-11-008,return_home,Z2,Z2,2026-07-11 10:00:00,,,10.0,,,,,,False,False,,,0,0.0,0.0,0.0,0.0,0.0,,0.0,0.0,0.0,0.0,0.0,0.0,2026-07-11 10:00:00,bus,False,,False,False,bus,True,4.8,0.0,4.8,8.0,0.0,36.748,49.548,2.0,16.681,0.671373,normal,W0,rest_day,P0_no_policy,12.8,0.0,1.0,0.0,0.0
21-2026-07-11-L01,21,2026-07-11,Saturday,outbound,activity-21-2026-07-11-006,social_leisure,Z9,Z9,2026-07-11 07:32:50.706720,2026-07-11 09:00:00,2026-07-11 07:00:00,10.0,2026-07-11 08:50:11.340000,2026-07-11 08:50:11.340000,0.0,True,True,True,True,,,0,0.0,0.0,0.0,0.0,0.0,,0.0,0.0,0.0,0.0,0.0,0.0,2026-07-11 07:32:50.706720,bus,False,,False,False,bus,True,11.525,0.0,11.525,16.0,0.0,49.819,77.344,2.0,15.1,0.913333,normal,W0,rest_day,P0_no_policy,27.525,0.0,1.1,0.0,0.0
21-2026-07-11-L02,21,2026-07-11,Saturday,between_activities,activity-21-2026-07-11-007,social_leisure,Z9,Z9,2026-07-11 16:55:16.766340,2026-07-11 17:30:00,2026-07-11 15:30:00,8.0,2026-07-11 17:26:37.574880,2026-07-11 17:26:37.574880,0.0,True,True,True,True,,,0,0.0,0.0,0.0,0.0,0.0,,0.0,0.0,0.0,0.0,0.0,0.0,2026-07-11 16:55:16.766340,ride_hailing,False,,False,False,ride_hailing,True,14.32,0.0,14.32,2.0,0.0,15.027,31.347,24.76,27.89,0.727222,normal,W0,rest_day,P0_no_policy,14.32,0.0,1.1,0.0,0.0
21-2026-07-11-L03,21,2026-07-11,Saturday,return_home,activity-21-2026-07-11-007,return_home,Z9,Z9,2026-07-11 20:30:00,,,10.0,,,,,,False,False,,,0,0.0,0.0,0.0,0.0,0.0,,0.0,0.0,0.0,0.0,0.0,0.0,2026-07-11 20:30:00,bus,False,,False,False,bus,True,28.286,0.0,28.286,16.0,0.0,31.427,75.713,2.0,17.996,0.313333,normal,W0,rest_day,P0_no_policy,44.286,0.0,1.1,0.0,0.0
22-2026-07-11-L01,22,2026-07-11,Saturday,outbound,activity-22-2026-07-11-008,social_leisure,Z5,Z5,2026-07-11 08:44:48.397740,2026-07-11 10:00:00,2026-07-11 08:00:00,10.0,2026-07-11 09:49:59.691420,2026-07-11 09:49:59.691420,0.0,True,True,True,True,,,0,0.0,0.0,0.0,0.0,0.0,,0.0,0.0,0.0,0.0,0.0,0.0,2026-07-11 08:44:48.397740,bus,False,,False,False,bus,True,5.714,0.0,5.714,12.0,0.0,47.474,65.188,2.0,15.095,0.924444,normal,W0,rest_day,P0_no_policy,17.714,0.0,1.1,0.0,0.0
22-2026-07-11-L02,22,2026-07-11,Saturday,between_activities,activity-22-2026-07-11-009,visit,Z5,Z5,2026-07-11 13:59:07.641900,2026-07-11 15:00:00,2026-07-11 13:00:00,10.0,2026-07-11 14:50:00,2026-07-11 14:50:00,0.0,True,True,True,True,,,0,0.0,0.0,0.0,0.0,0.0,,0.0,0.0,0.0,0.0,0.0,0.0,2026-07-11 13:59:07.641900,bus,False,,False,False,bus,True,10.0,0.0,10.0,12.0,0.0,28.873,50.873,2.0,17.972,0.476667,normal,W0,rest_day,P0_no_policy,22.0,0.0,1.1,0.0,0.0
22-2026-07-11-L03,22,2026-07-11,Saturday,return_home,activity-22-2026-07-11-009,return_home,Z5,Z5,2026-07-11 19:00:00,,,10.0,,,,,,False,False,,,0,0.0,0.0,0.0,0.0,0.0,,0.0,0.0,0.0,0.0,0.0,0.0,2026-07-11 19:20:00,ride_hailing,True,vehicle_wait_limit_exceeded,True,True,bus,True,6.857,20.0,26.857,12.0,0.0,28.09,66.948,2.0,15.902,0.681928,normal,W0,rest_day,P0_no_policy,38.857,0.0,1.1,0.0,0.0
23-2026-07-11-L01,23,2026-07-11,Saturday,outbound,activity-23-2026-07-11-006,social_leisure,Z5,Z7,2026-07-11 07:39:50.606880,2026-07-11 09:30:00,2026-07-11 07:30:00,10.0,2026-07-11 09:20:50.256480,2026-07-11 09:20:50.256480,0.0,True,True,True,False,,,0,0.0,0.0,0.0,0.0,0.0,,0.0,0.0,0.0,0.0,0.0,0.0,2026-07-11 07:39:50.606880,bus,False,,False,False,bus,True,6.4,0.0,6.4,10.0,0.0,84.594,100.994,2.0,13.363,1.083333,normal,W0,rest_day,P0_no_policy,16.4,0.0,1.1,0.0,0.0
23-2026-07-11-L02,23,2026-07-11,Saturday,between_activities,activity-23-2026-07-11-007,social_leisure,Z7,Z5,2026-07-11 11:43:07.757580,2026-07-11 13:00:00,2026-07-11 11:00:00,5.0,2026-07-11 12:55:00,2026-07-11 12:55:00,0.0,True,True,False,True,bus,walk,1,20.509,7.0,8.0,5.509,2.0,46.362,20.509,8.0,7.0,0.0,0.0,0.0,2026-07-11 11:43:07.757580,metro,False,,False,False,metro,True,12.0,0.0,12.0,20.0,5.0,34.871,71.871,7.0,32.31,,normal,W0,rest_day,P0_no_policy,32.0,0.0,1.1,0.0,0.0
23-2026-07-11-L03,23,2026-07-11,Saturday,return_home,activity-23-2026-07-11-007,return_home,Z5,Z5,2026-07-11 17:00:00,,,10.0,,,,,,True,True,,,0,0.0,0.0,0.0,0.0,0.0,,0.0,0.0,0.0,0.0,0.0,0.0,2026-07-11 17:00:00,bus,False,,False,False,bus,True,6.429,0.0,6.429,12.0,0.0,32.408,50.836,2.0,15.125,0.733333,normal,W0,rest_day,P0_no_policy,18.429,0.0,1.1,0.0,0.0
25-2026-07-11-L01,25,2026-07-11,Saturday,outbound,activity-25-2026-07-11-006,shopping,Z7,Z7,2026-07-11 16:58:49.911420,2026-07-11 18:00:00,2026-07-11 16:00:00,10.0,2026-07-11 17:50:00.153840,2026-07-11 17:50:00.153840,0.0,True,True,False,False,,,0,0.0,0.0,0.0,0.0,0.0,,0.0,0.0,0.0,0.0,0.0,0.0,2026-07-11 16:58:49.911420,bus,False,,False,False,bus,True,4.5,0.0,4.5,8.0,0.0,38.671,51.171,2.0,15.169,0.727222,normal,W0,rest_day,P0_no_policy,12.5,0.0,1.1,0.0,0.0
25-2026-07-11-L02,25,2026-07-11,Saturday,return_home,activity-25-2026-07-11-006,return_home,Z7,Z7,2026-07-11 19:30:00,,,10.0,,,,,,False,False,,,0,0.0,0.0,0.0,0.0,0.0,,0.0,0.0,0.0,0.0,0.0,0.0,2026-07-11 19:30:00,bus,False,,False,False,bus,True,4.8,0.0,4.8,8.0,0.0,35.26,48.06,2.0,16.636,0.681928,normal,W0,rest_day,P0_no_policy,12.8,0.0,1.1,0.0,0.0
26-2026-07-11-L01,26,2026-07-11,Saturday,outbound,activity-26-2026-07-11-006,visit,Z8,Z3,2026-07-11 11:44:25.469280,2026-07-11 13:30:00,2026-07-11 11:30:00,5.0,2026-07-11 13:25:00,2026-07-11 13:25:00,0.0,True,True,False,True,bus,walk,1,31.182,10.0,12.0,9.182,2.0,64.394,31.182,12.0,10.0,0.0,0.0,0.0,2026-07-11 11:44:25.469280,metro,False,,False,False,metro,True,16.0,0.0,16.0,20.0,12.0,52.576,100.576,7.0,32.026,,normal,W0,rest_day,P0_no_policy,36.0,0.0,1.1,0.0,0.0
26-2026-07-11-L02,26,2026-07-11,Saturday,return_home,activity-26-2026-07-11-006,return_home,Z3,Z8,2026-07-11 16:30:00,,,5.0,,,,,,True,True,walk,walk,0,0.0,0.0,0.0,0.0,0.0,76.666,0.0,0.0,0.0,0.0,0.0,0.0,2026-07-11 16:30:00,metro,False,,False,False,metro,True,5.0,0.0,5.0,20.0,8.272,43.394,76.666,5.0,35.0,,normal,W0,rest_day,P0_no_policy,25.0,0.0,1.1,0.0,0.0
27-2026-07-11-L01,27,2026-07-11,Saturday,outbound,activity-27-2026-07-11-009,shopping,Z3,Z3,2026-07-11 12:24:27.094200,2026-07-11 13:00:00,2026-07-11 11:00:00,10.0,2026-07-11 12:50:00,2026-07-11 12:50:00,0.0,True,True,False,False,,,0,0.0,0.0,0.0,0.0,0.0,,0.0,0.0,0.0,0.0,0.0,0.0,2026-07-11 12:24:27.094200,bus,False,,False,False,bus,True,7.0,0.0,7.0,8.0,0.0,10.548,25.548,2.0,17.97,0.477778,normal,W0,rest_day,P0_no_policy,15.0,0.0,1.1,0.0,0.0
27-2026-07-11-L02,27,2026-07-11,Saturday,return_home,activity-27-2026-07-11-009,return_home,Z3,Z3,2026-07-11 14:30:00,,,10.0,,,,,,False,False,,,0,0.0,0.0,0.0,0.0,0.0,,0.0,0.0,0.0,0.0,0.0,0.0,2026-07-11 14:30:00,bus,False,,False,False,bus,True,7.0,0.0,7.0,8.0,0.0,10.548,25.548,2.0,17.972,0.476667,normal,W0,rest_day,P0_no_policy,15.0,0.0,1.1,0.0,0.0
3-2026-07-11-L01,3,2026-07-11,Saturday,outbound,activity-3-2026-07-11-007,social_leisure,Z2,Z2,2026-07-11 11:11:18.092580,2026-07-11 12:00:00,2026-07-11 10:00:00,10.0,2026-07-11 11:50:00,2026-07-11 11:50:00,0.0,True,True,True,True,,,0,0.0,0.0,0.0,0.0,0.0,,0.0,0.0,0.0,0.0,0.0,0.0,2026-07-11 11:11:18.092580,bus,False,,False,False,bus,True,7.0,0.0,7.0,8.0,0.0,23.698,38.698,2.0,17.972,0.476667,normal,W0,rest_day,P0_no_policy,15.0,0.0,1.0,0.0,0.0
3-2026-07-11-L02,3,2026-07-11,Saturday,between_activities,activity-3-2026-07-11-008,out_of_home_family_activity,Z2,Z1,2026-07-11 14:37:22.700520,2026-07-11 15:30:00,2026-07-11 13:30:00,10.0,2026-07-11 15:20:00,2026-07-11 15:20:00,0.0,True,True,True,False,,,0,0.0,0.0,0.0,0.0,0.0,,0.0,0.0,0.0,0.0,0.0,0.0,2026-07-11 14:37:22.700520,bus,False,,False,False,bus,True,7.0,0.0,7.0,8.0,0.0,27.622,42.622,2.0,17.972,0.476667,normal,W0,rest_day,P0_no_policy,15.0,0.0,1.0,0.0,0.0
3-2026-07-11-L03,3,2026-07-11,Saturday,return_home,activity-3-2026-07-11-008,return_home,Z1,Z2,2026-07-11 21:30:00,,,10.0,,,,,,False,False,,,0,0.0,0.0,0.0,0.0,0.0,,0.0,0.0,0.0,0.0,0.0,0.0,2026-07-11 21:30:00,bus,False,,False,False,bus,True,11.0,0.0,11.0,8.0,0.0,27.584,46.584,2.0,17.996,0.313333,normal,W0,rest_day,P0_no_policy,19.0,0.0,1.0,0.0,0.0
30-2026-07-11-L01,30,2026-07-11,Saturday,outbound,activity-30-2026-07-11-008,shopping,Z1,Z1,2026-07-11 12:55:57.282180,2026-07-11 13:30:00,2026-07-11 11:30:00,10.0,2026-07-11 13:20:00,2026-07-11 13:20:00,0.0,True,True,True,True,,,0,0.0,0.0,0.0,0.0,0.0,,0.0,0.0,0.0,0.0,0.0,0.0,2026-07-11 12:55:57.282180,bus,False,,False,False,bus,True,7.0,0.0,7.0,8.0,0.0,9.045,24.045,2.0,17.972,0.476667,normal,W0,rest_day,P0_no_policy,15.0,0.0,1.1,0.0,0.0
30-2026-07-11-L02,30,2026-07-11,Saturday,return_home,activity-30-2026-07-11-008,return_home,Z1,Z1,2026-07-11 14:00:00,,,10.0,,,,,,True,True,,,0,0.0,0.0,0.0,0.0,0.0,,0.0,0.0,0.0,0.0,0.0,0.0,2026-07-11 14:00:00,bus,False,,False,False,bus,True,7.0,0.0,7.0,8.0,0.0,9.046,24.046,2.0,17.971,0.477222,normal,W0,rest_day,P0_no_policy,15.0,0.0,1.1,0.0,0.0
31-2026-07-11-L01,31,2026-07-11,Saturday,outbound,activity-31-2026-07-11-006,shopping,Z2,Z1,2026-07-11 16:34:10.522080,2026-07-11 17:30:00,2026-07-11 15:30:00,10.0,2026-07-11 17:19:50.610600,2026-07-11 17:19:50.610600,0.0,True,True,False,True,,,0,0.0,0.0,0.0,0.0,0.0,,0.0,0.0,0.0,0.0,0.0,0.0,2026-07-11 16:34:10.522080,bus,False,,False,False,bus,True,7.0,0.0,7.0,8.0,0.0,30.668,45.668,2.0,16.186,0.477222,normal,W0,rest_day,P0_no_policy,15.0,0.0,1.1,0.0,0.0
31-2026-07-11-L02,31,2026-07-11,Saturday,return_home,activity-31-2026-07-11-006,return_home,Z1,Z2,2026-07-11 19:00:00,,,10.0,,,,,,True,True,,,0,0.0,0.0,0.0,0.0,0.0,,0.0,0.0,0.0,0.0,0.0,0.0,2026-07-11 19:00:00,bus,False,,False,False,bus,True,4.8,0.0,4.8,8.0,0.0,32.624,45.424,2.0,15.216,0.681928,normal,W0,rest_day,P0_no_policy,12.8,0.0,1.1,0.0,0.0
32-2026-07-11-L01,32,2026-07-11,Saturday,outbound,activity-32-2026-07-11-006,shopping,Z3,Z3,2026-07-11 17:18:08.998080,2026-07-11 18:00:00,2026-07-11 16:00:00,10.0,2026-07-11 17:50:04.200000,2026-07-11 17:50:04.200000,0.0,True,True,False,False,,,0,0.0,0.0,0.0,0.0,0.0,,0.0,0.0,0.0,0.0,0.0,0.0,2026-07-11 17:18:08.998080,bus,False,,False,False,bus,True,4.428,0.0,4.428,8.0,0.0,19.492,31.92,2.0,15.088,0.933333,normal,W0,rest_day,P0_no_policy,12.428,0.0,1.1,0.0,0.0
32-2026-07-11-L02,32,2026-07-11,Saturday,return_home,activity-32-2026-07-11-006,return_home,Z3,Z3,2026-07-11 19:30:00,,,8.0,,,,,,True,True,,,0,0.0,0.0,0.0,0.0,0.0,,0.0,0.0,0.0,0.0,0.0,0.0,2026-07-11 19:30:00,ride_hailing,False,,False,False,ride_hailing,True,8.0,0.0,8.0,2.0,0.0,9.584,19.584,17.93,27.896,0.681928,normal,W0,rest_day,P0_no_policy,8.0,0.0,1.1,0.0,0.0
33-2026-07-11-L01,33,2026-07-11,Saturday,outbound,activity-33-2026-07-11-006,out_of_home_family_care,Z4,Z4,2026-07-11 12:23:16.022820,2026-07-11 13:00:00,2026-07-11 11:00:00,8.0,2026-07-11 12:52:00,2026-07-11 12:52:00,0.0,True,True,True,True,,,0,0.0,0.0,0.0,0.0,0.0,,0.0,0.0,0.0,0.0,0.0,0.0,2026-07-11 12:23:16.022820,ride_hailing,False,,False,False,ride_hailing,True,8.0,0.0,8.0,2.0,0.0,18.733,28.733,33.67,32.945,0.477778,normal,W0,rest_day,P0_no_policy,8.0,0.0,1.1,0.0,0.0
33-2026-07-11-L02,33,2026-07-11,Saturday,return_home,activity-33-2026-07-11-006,return_home,Z4,Z4,2026-07-11 19:00:00,,,10.0,,,,,,True,True,,,0,0.0,0.0,0.0,0.0,0.0,,0.0,0.0,0.0,0.0,0.0,0.0,2026-07-11 19:00:00,bus,False,,False,False,bus,True,6.857,0.0,6.857,12.0,0.0,44.08,62.938,2.0,15.401,0.681928,normal,W0,rest_day,P0_no_policy,18.857,0.0,1.1,0.0,0.0
34-2026-07-11-L01,34,2026-07-11,Saturday,outbound,activity-34-2026-07-11-006,social_leisure,Z7,Z7,2026-07-11 08:45:07.620000,2026-07-11 09:30:00,2026-07-11 07:30:00,5.0,2026-07-11 09:25:00,2026-07-11 09:25:00,0.0,True,True,True,True,walk,walk,0,0.0,0.0,0.0,0.0,0.0,39.873,0.0,0.0,0.0,0.0,0.0,0.0,2026-07-11 08:45:07.620000,metro,False,,False,False,metro,True,4.5,0.0,4.5,16.0,0.0,19.373,39.873,4.0,35.0,,normal,W0,rest_day,P0_no_policy,20.5,0.0,1.1,0.0,0.0
34-2026-07-11-L02,34,2026-07-11,Saturday,between_activities,activity-34-2026-07-11-007,shopping,Z7,Z7,2026-07-11 16:16:49.236900,2026-07-11 17:00:00,2026-07-11 15:00:00,10.0,2026-07-11 16:50:00,2026-07-11 16:50:00,0.0,True,True,False,False,,,0,0.0,0.0,0.0,0.0,0.0,,0.0,0.0,0.0,0.0,0.0,0.0,2026-07-11 16:16:49.236900,bus,False,,False,False,bus,True,7.0,0.0,7.0,8.0,0.0,18.179,33.179,2.0,17.971,0.477222,normal,W0,rest_day,P0_no_policy,15.0,0.0,1.1,0.0,0.0
34-2026-07-11-L03,34,2026-07-11,Saturday,between_activities,activity-34-2026-07-11-008,social_leisure,Z7,Z7,2026-07-11 18:46:22.620000,2026-07-11 19:30:00,2026-07-11 17:30:00,5.0,2026-07-11 19:25:00,2026-07-11 19:25:00,0.0,True,True,True,True,walk,walk,0,0.0,0.0,0.0,0.0,0.0,38.623,0.0,0.0,0.0,0.0,0.0,0.0,2026-07-11 18:46:22.620000,metro,False,,False,False,metro,True,3.2,0.0,3.2,16.0,0.0,19.423,38.623,4.0,35.0,,normal,W0,rest_day,P0_no_policy,19.2,0.0,1.1,0.0,0.0
34-2026-07-11-L04,34,2026-07-11,Saturday,return_home,activity-34-2026-07-11-008,return_home,Z7,Z7,2026-07-11 20:30:00,,,10.0,,,,,,False,False,,,0,0.0,0.0,0.0,0.0,0.0,,0.0,0.0,0.0,0.0,0.0,0.0,2026-07-11 20:30:00,bus,False,,False,False,bus,True,11.0,0.0,11.0,8.0,0.0,40.419,59.419,2.0,17.996,0.313333,normal,W0,rest_day,P0_no_policy,19.0,0.0,1.1,0.0,0.0
35-2026-07-11-L01,35,2026-07-11,Saturday,outbound,activity-35-2026-07-11-006,visit,Z2,Z2,2026-07-11 08:21:07.740000,2026-07-11 09:00:00,2026-07-11 07:00:00,5.0,2026-07-11 08:55:00,2026-07-11 08:55:00,0.0,True,True,True,True,walk,walk,0,0.0,0.0,0.0,0.0,0.0,33.871,0.0,0.0,0.0,0.0,0.0,0.0,2026-07-11 08:21:07.740000,metro,False,,False,False,metro,True,4.5,0.0,4.5,16.0,0.0,13.371,33.871,4.0,35.001,,normal,W0,rest_day,P0_no_policy,20.5,0.0,1.1,0.0,0.0
35-2026-07-11-L02,35,2026-07-11,Saturday,between_activities,activity-35-2026-07-11-007,visit,Z2,Z2,2026-07-11 10:43:16.260000,2026-07-11 11:30:00,2026-07-11 10:00:00,5.0,2026-07-11 11:25:00,2026-07-11 11:25:00,0.0,True,True,True,True,walk,walk,0,0.0,0.0,0.0,0.0,0.0,41.729,0.0,0.0,0.0,0.0,0.0,0.0,2026-07-11 10:43:16.260000,metro,False,,False,False,metro,True,5.0,0.0,5.0,16.0,0.0,20.729,41.729,4.0,35.0,,normal,W0,rest_day,P0_no_policy,21.0,0.0,1.1,0.0,0.0
35-2026-07-11-L03,35,2026-07-11,Saturday,between_activities,activity-35-2026-07-11-008,visit,Z2,Z8,2026-07-11 15:55:42.423360,2026-07-11 17:00:00,2026-07-11 15:00:00,10.0,2026-07-11 16:50:00,2026-07-11 16:50:00,0.0,True,True,True,False,,,0,0.0,0.0,0.0,0.0,0.0,,0.0,0.0,0.0,0.0,0.0,0.0,2026-07-11 15:55:42.423360,bus,False,,False,False,bus,True,7.0,0.0,7.0,10.0,0.0,37.293,54.293,2.0,17.972,0.476667,normal,W0,rest_day,P0_no_policy,17.0,0.0,1.1,0.0,0.0
35-2026-07-11-L04,35,2026-07-11,Saturday,return_home,activity-35-2026-07-11-008,return_home,Z8,Z2,2026-07-11 19:00:00,,,10.0,,,,,,False,True,,,0,0.0,0.0,0.0,0.0,0.0,,0.0,0.0,0.0,0.0,0.0,0.0,2026-07-11 19:00:00,bus,False,,False,False,bus,True,6.857,0.0,6.857,10.0,0.0,43.907,60.765,2.0,15.264,0.681928,normal,W0,rest_day,P0_no_policy,16.857,0.0,1.1,0.0,0.0
36-2026-07-11-L01,36,2026-07-11,Saturday,outbound,activity-36-2026-07-11-007,out_of_home_family_activity,Z6,Z3,2026-07-11 07:27:19.122060,2026-07-11 09:00:00,2026-07-11 07:00:00,10.0,2026-07-11 08:49:59.410020,2026-07-11 08:49:59.410020,0.0,True,True,False,False,,,0,0.0,0.0,0.0,0.0,0.0,,0.0,0.0,0.0,0.0,0.0,0.0,2026-07-11 07:27:19.122060,bus,False,,False,False,bus,True,6.429,0.0,6.429,10.0,0.0,66.243,82.671,2.0,15.125,0.713333,normal,W0,rest_day,P0_no_policy,16.429,0.0,1.1,0.0,0.0
36-2026-07-11-L02,36,2026-07-11,Saturday,between_activities,activity-36-2026-07-11-008,visit,Z3,Z3,2026-07-11 10:46:23.495280,2026-07-11 11:30:00,2026-07-11 10:00:00,10.0,2026-07-11 11:20:00,2026-07-11 11:20:00,0.0,True,True,False,False,,,0,0.0,0.0,0.0,0.0,0.0,,0.0,0.0,0.0,0.0,0.0,0.0,2026-07-11 10:46:23.495280,bus,False,,False,False,bus,True,7.0,0.0,7.0,8.0,0.0,18.608,33.608,2.0,17.972,0.476667,normal,W0,rest_day,P0_no_policy,15.0,0.0,1.1,0.0,0.0
36-2026-07-11-L03,36,2026-07-11,Saturday,between_activities,activity-36-2026-07-11-009,out_of_home_family_care,Z3,Z3,2026-07-11 15:59:57.216420,2026-07-11 17:00:00,2026-07-11 15:30:00,10.0,2026-07-11 16:50:00,2026-07-11 16:50:00,0.0,True,True,False,False,,,0,0.0,0.0,0.0,0.0,0.0,,0.0,0.0,0.0,0.0,0.0,0.0,2026-07-11 15:59:57.216420,bus,False,,False,False,bus,True,7.0,0.0,7.0,8.0,0.0,35.046,50.046,2.0,17.972,0.476667,normal,W0,rest_day,P0_no_policy,15.0,0.0,1.1,0.0,0.0
36-2026-07-11-L04,36,2026-07-11,Saturday,between_activities,activity-36-2026-07-11-010,shopping,Z3,Z6,2026-07-11 18:34:28.560000,2026-07-11 19:30:00,2026-07-11 18:00:00,5.0,2026-07-11 19:25:00,2026-07-11 19:25:00,0.0,True,True,True,True,walk,walk,0,0.0,0.0,0.0,0.0,0.0,50.524,0.0,0.0,0.0,0.0,0.0,0.0,2026-07-11 18:34:28.560000,metro,False,,False,False,metro,True,4.5,0.0,4.5,20.0,0.0,26.024,50.524,4.0,35.001,,normal,W0,rest_day,P0_no_policy,24.5,0.0,1.1,0.0,0.0
36-2026-07-11-L05,36,2026-07-11,Saturday,return_home,activity-36-2026-07-11-010,return_home,Z6,Z6,2026-07-11 20:30:00,,,3.0,,,,,,True,True,,,0,0.0,0.0,0.0,0.0,0.0,,0.0,0.0,0.0,0.0,0.0,0.0,2026-07-11 20:30:00,walk,False,,False,False,walk,True,0.0,0.0,0.0,0.0,0.0,41.363,41.363,0.0,4.8,,normal,W0,rest_day,P0_no_policy,41.363,0.0,1.1,0.0,0.0
37-2026-07-11-L01,37,2026-07-11,Saturday,outbound,activity-37-2026-07-11-008,out_of_home_family_activity,Z3,Z7,2026-07-11 10:26:23.855820,2026-07-11 12:00:00,2026-07-11 10:00:00,5.0,2026-07-11 11:55:00,2026-07-11 11:55:00,0.0,True,True,False,True,bus,walk,1,20.51,7.0,8.0,5.51,2.0,63.092,20.51,8.0,7.0,0.0,0.0,0.0,2026-07-11 10:26:23.855820,metro,False,,False,False,metro,True,12.0,0.0,12.0,16.0,12.0,48.602,88.602,7.0,33.069,,normal,W0,rest_day,P0_no_policy,28.0,0.0,1.1,0.0,0.0
37-2026-07-11-L02,37,2026-07-11,Saturday,between_activities,activity-37-2026-07-11-009,shopping,Z7,Z3,2026-07-11 16:57:58.955160,2026-07-11 18:30:00,2026-07-11 16:30:00,5.0,2026-07-11 18:25:00.873840,2026-07-11 18:25:00.873840,0.0,True,True,True,False,walk,bus,1,18.544,4.0,8.0,6.544,2.0,63.488,0.0,0.0,0.0,18.544,8.0,4.0,2026-07-11 16:57:58.955160,metro,False,,False,False,metro,True,7.0,0.0,7.0,16.0,14.396,49.636,87.032,7.0,32.38,,normal,W0,rest_day,P0_no_policy,23.0,0.0,1.1,0.0,0.0
37-2026-07-11-L03,37,2026-07-11,Saturday,return_home,activity-37-2026-07-11-009,return_home,Z3,Z3,2026-07-11 20:30:00,,,10.0,,,,,,False,False,,,0,0.0,0.0,0.0,0.0,0.0,,0.0,0.0,0.0,0.0,0.0,0.0,2026-07-11 20:30:00,bus,False,,False,False,bus,True,11.0,0.0,11.0,8.0,0.0,20.553,39.553,2.0,17.996,0.313333,normal,W0,rest_day,P0_no_policy,19.0,0.0,1.1,0.0,0.0
38-2026-07-11-L01,38,2026-07-11,Saturday,outbound,activity-38-2026-07-11-006,shopping,Z8,Z8,2026-07-11 10:19:00.421320,2026-07-11 11:00:00,2026-07-11 09:00:00,10.0,2026-07-11 10:50:00,2026-07-11 10:50:00,0.0,True,True,False,False,,,0,0.0,0.0,0.0,0.0,0.0,,0.0,0.0,0.0,0.0,0.0,0.0,2026-07-11 10:19:00.421320,bus,False,,False,False,bus,True,10.0,0.0,10.0,12.0,0.0,8.993,30.993,2.0,17.966,0.481373,normal,W0,rest_day,P0_no_policy,22.0,0.0,1.3,0.0,0.0
38-2026-07-11-L02,38,2026-07-11,Saturday,between_activities,activity-38-2026-07-11-007,out_of_home_family_care,Z8,Z2,2026-07-11 13:22:42.423360,2026-07-11 14:30:00,2026-07-11 12:30:00,10.0,2026-07-11 14:20:00,2026-07-11 14:20:00,0.0,True,True,False,False,,,0,0.0,0.0,0.0,0.0,0.0,,0.0,0.0,0.0,0.0,0.0,0.0,2026-07-11 13:22:42.423360,bus,False,,False,False,bus,True,10.0,0.0,10.0,10.0,0.0,37.293,57.293,2.0,17.972,0.476667,normal,W0,rest_day,P0_no_policy,20.0,0.0,1.3,0.0,0.0
38-2026-07-11-L03,38,2026-07-11,Saturday,return_home,activity-38-2026-07-11-007,return_home,Z2,Z8,2026-07-11 16:30:00,,,10.0,,,,,,True,False,,,0,0.0,0.0,0.0,0.0,0.0,,0.0,0.0,0.0,0.0,0.0,0.0,2026-07-11 16:30:00,bus,False,,False,False,bus,True,7.0,0.0,7.0,10.0,0.0,41.699,58.699,2.0,16.073,0.477222,normal,W0,rest_day,P0_no_policy,17.0,0.0,1.3,0.0,0.0
39-2026-07-11-L01,39,2026-07-11,Saturday,outbound,activity-39-2026-07-11-005,social_leisure,Z6,Z6,2026-07-11 07:56:26.697720,2026-07-11 09:00:00,2026-07-11 07:00:00,10.0,2026-07-11 08:50:00,2026-07-11 08:50:00,0.0,True,True,True,True,,,0,0.0,0.0,0.0,0.0,0.0,,0.0,0.0,0.0,0.0,0.0,0.0,2026-07-11 07:56:26.697720,bus,False,,False,False,bus,True,5.714,0.0,5.714,12.0,0.0,35.841,53.555,2.0,15.1,0.913333,normal,W0,rest_day,P0_no_policy,17.714,0.0,1.3,0.0,0.0
39-2026-07-11-L02,39,2026-07-11,Saturday,between_activities,activity-39-2026-07-11-006,shopping,Z6,Z6,2026-07-11 16:56:59.220000,2026-07-11 17:30:00,2026-07-11 15:30:00,3.0,2026-07-11 17:27:00,2026-07-11 17:27:00,0.0,True,True,True,True,,,0,0.0,0.0,0.0,0.0,0.0,,0.0,0.0,0.0,0.0,0.0,0.0,2026-07-11 16:56:59.220000,walk,False,,False,False,walk,True,0.0,0.0,0.0,0.0,0.0,30.013,30.013,0.0,4.8,,normal,W0,rest_day,P0_no_policy,30.013,0.0,1.3,0.0,0.0
39-2026-07-11-L03,39,2026-07-11,Saturday,return_home,activity-39-2026-07-11-006,return_home,Z6,Z6,2026-07-11 18:00:00,,,3.0,,,,,,True,True,,,0,0.0,0.0,0.0,0.0,0.0,,0.0,0.0,0.0,0.0,0.0,0.0,2026-07-11 18:00:00,walk,False,,False,False,walk,True,0.0,0.0,0.0,0.0,0.0,32.375,32.375,0.0,4.8,,normal,W0,rest_day,P0_no_policy,32.375,0.0,1.3,0.0,0.0
40-2026-07-11-L01,40,2026-07-11,Saturday,outbound,activity-40-2026-07-11-003,out_of_home_family_activity,Z5,Z7,2026-07-11 15:59:38.280000,2026-07-11 17:00:00,2026-07-11 15:00:00,5.0,2026-07-11 16:55:00,2026-07-11 16:55:00,0.0,True,True,True,True,walk,walk,0,0.0,0.0,0.0,0.0,0.0,55.362,0.0,0.0,0.0,0.0,0.0,0.0,2026-07-11 15:59:38.280000,metro,False,,False,False,metro,True,6.0,0.0,6.0,20.0,0.0,29.362,55.362,5.0,35.0,,normal,W0,rest_day,P0_no_policy,26.0,0.0,1.3,0.0,0.0
40-2026-07-11-L02,40,2026-07-11,Saturday,return_home,activity-40-2026-07-11-003,return_home,Z7,Z5,2026-07-11 18:00:00,,,10.0,,,,,,True,True,,,0,0.0,0.0,0.0,0.0,0.0,,0.0,0.0,0.0,0.0,0.0,0.0,2026-07-11 18:00:00,bus,False,,False,False,bus,True,4.48,0.0,4.48,10.0,0.0,82.753,97.233,2.0,13.661,1.114444,normal,W0,rest_day,P0_no_policy,14.48,0.0,1.3,0.0,0.0
42-2026-07-11-L01,42,2026-07-11,Saturday,outbound,activity-42-2026-07-11-005,shopping,Z2,Z1,2026-07-11 11:51:06.360000,2026-07-11 12:30:00,2026-07-11 10:30:00,5.0,2026-07-11 12:25:00,2026-07-11 12:25:00,0.0,True,True,True,True,walk,walk,0,0.0,0.0,0.0,0.0,0.0,33.894,0.0,0.0,0.0,0.0,0.0,0.0,2026-07-11 11:51:06.360000,metro,False,,False,False,metro,True,5.0,0.0,5.0,16.0,0.0,12.894,33.894,4.0,34.998,,normal,W0,rest_day,P0_no_policy,21.0,0.0,1.3,0.0,0.0
42-2026-07-11-L02,42,2026-07-11,Saturday,between_activities,activity-42-2026-07-11-006,out_of_home_family_activity,Z1,Z8,2026-07-11 13:58:05.123940,2026-07-11 15:30:00,2026-07-11 13:30:00,10.0,2026-07-11 15:20:00,2026-07-11 15:20:00,0.0,True,True,True,False,,,0,0.0,0.0,0.0,0.0,0.0,,0.0,0.0,0.0,0.0,0.0,0.0,2026-07-11 13:58:05.123940,bus,False,,False,False,bus,True,7.0,0.0,7.0,10.0,0.0,64.915,81.915,2.0,17.972,0.476667,normal,W0,rest_day,P0_no_policy,17.0,0.0,1.3,0.0,0.0
42-2026-07-11-L03,42,2026-07-11,Saturday,return_home,activity-42-2026-07-11-006,return_home,Z8,Z2,2026-07-11 17:30:00,,,10.0,,,,,,True,False,,,0,0.0,0.0,0.0,0.0,0.0,,0.0,0.0,0.0,0.0,0.0,0.0,2026-07-11 17:30:00,bus,False,,False,False,bus,True,5.714,0.0,5.714,10.0,0.0,44.639,60.353,2.0,15.014,0.944444,normal,W0,rest_day,P0_no_policy,15.714,0.0,1.3,0.0,0.0
43-2026-07-11-L01,43,2026-07-11,Saturday,outbound,activity-43-2026-07-11-005,shopping,Z9,Z9,2026-07-11 09:59:28.244640,2026-07-11 11:00:00,2026-07-11 09:00:00,10.0,2026-07-11 10:49:18.041760,2026-07-11 10:49:18.041760,0.0,True,True,False,False,,,0,0.0,0.0,0.0,0.0,0.0,,0.0,0.0,0.0,0.0,0.0,0.0,2026-07-11 09:59:28.244640,bus,False,,False,False,bus,True,12.343,0.0,12.343,16.0,0.0,21.487,49.83,2.0,17.687,0.671373,normal,W0,rest_day,P0_no_policy,28.343,0.0,1.3,0.0,0.0
43-2026-07-11-L02,43,2026-07-11,Saturday,return_home,activity-43-2026-07-11-005,return_home,Z9,Z9,2026-07-11 12:00:00,,,10.0,,,,,,False,False,,,0,0.0,0.0,0.0,0.0,0.0,,0.0,0.0,0.0,0.0,0.0,0.0,2026-07-11 12:00:00,bus,False,,False,False,bus,True,18.0,0.0,18.0,16.0,0.0,21.148,55.148,2.0,17.97,0.477778,normal,W0,rest_day,P0_no_policy,34.0,0.0,1.3,0.0,0.0
44-2026-07-11-L01,44,2026-07-11,Saturday,outbound,activity-44-2026-07-11-004,out_of_home_family_activity,Z4,Z4,2026-07-11 09:11:17.104080,2026-07-11 10:00:00,2026-07-11 08:00:00,10.0,2026-07-11 09:49:59.408100,2026-07-11 09:49:59.408100,0.0,True,True,False,False,,,0,0.0,0.0,0.0,0.0,0.0,,0.0,0.0,0.0,0.0,0.0,0.0,2026-07-11 09:11:17.104080,bus,False,,False,False,bus,True,5.714,0.0,5.714,12.0,0.0,20.99,38.705,2.0,15.178,0.924444,normal,W0,rest_day,P0_no_policy,17.714,0.0,1.3,0.0,0.0
44-2026-07-11-L02,44,2026-07-11,Saturday,between_activities,activity-44-2026-07-11-005,out_of_home_family_activity,Z4,Z4,2026-07-11 16:10:02.552160,2026-07-11 17:30:00,2026-07-11 16:00:00,10.0,2026-07-11 17:20:30.072720,2026-07-11 17:20:30.072720,0.0,True,True,False,False,,,0,0.0,0.0,0.0,0.0,0.0,,0.0,0.0,0.0,0.0,0.0,0.0,2026-07-11 16:10:02.552160,bus,False,,False,False,bus,True,10.0,0.0,10.0,12.0,0.0,48.459,70.459,2.0,16.804,0.477222,normal,W0,rest_day,P0_no_policy,22.0,0.0,1.3,0.0,0.0
44-2026-07-11-L03,44,2026-07-11,Saturday,return_home,activity-44-2026-07-11-005,return_home,Z4,Z4,2026-07-11 18:30:00,,,10.0,,,,,,True,True,,,0,0.0,0.0,0.0,0.0,0.0,,0.0,0.0,0.0,0.0,0.0,0.0,2026-07-11 18:30:00,bus,False,,False,False,bus,True,5.714,0.0,5.714,12.0,0.0,21.125,38.84,2.0,15.081,0.945,normal,W0,rest_day,P0_no_policy,17.714,0.0,1.3,0.0,0.0
45-2026-07-11-L01,45,2026-07-11,Saturday,outbound,activity-45-2026-07-11-006,shopping,Z2,Z8,2026-07-11 11:55:42.423360,2026-07-11 13:00:00,2026-07-11 11:00:00,10.0,2026-07-11 12:50:00,2026-07-11 12:50:00,0.0,True,True,False,False,,,0,0.0,0.0,0.0,0.0,0.0,,0.0,0.0,0.0,0.0,0.0,0.0,2026-07-11 11:55:42.423360,bus,False,,False,False,bus,True,7.0,0.0,7.0,10.0,0.0,37.293,54.293,2.0,17.972,0.476667,normal,W0,rest_day,P0_no_policy,17.0,0.0,1.3,0.0,0.0
45-2026-07-11-L02,45,2026-07-11,Saturday,between_activities,activity-45-2026-07-11-007,visit,Z8,Z3,2026-07-11 14:08:36.360000,2026-07-11 15:30:00,2026-07-11 14:00:00,5.0,2026-07-11 15:25:00,2026-07-11 15:25:00,0.0,True,True,True,True,walk,walk,0,0.0,0.0,0.0,0.0,0.0,76.394,0.0,0.0,0.0,0.0,0.0,0.0,2026-07-11 14:08:36.360000,metro,False,,False,False,metro,True,6.0,0.0,6.0,20.0,7.0,43.394,76.394,5.0,35.0,,normal,W0,rest_day,P0_no_policy,26.0,0.0,1.3,0.0,0.0
45-2026-07-11-L03,45,2026-07-11,Saturday,return_home,activity-45-2026-07-11-007,return_home,Z3,Z2,2026-07-11 17:30:00,,,10.0,,,,,,True,False,,,0,0.0,0.0,0.0,0.0,0.0,,0.0,0.0,0.0,0.0,0.0,0.0,2026-07-11 17:30:00,bus,False,,False,False,bus,True,4.0,0.0,4.0,8.0,0.0,66.634,78.634,2.0,15.014,0.944444,normal,W0,rest_day,P0_no_policy,12.0,0.0,1.3,0.0,0.0
46-2026-07-11-L01,46,2026-07-11,Saturday,outbound,activity-46-2026-07-11-003,out_of_home_family_activity,Z5,Z5,2026-07-11 09:28:42.033180,2026-07-11 10:30:00,2026-07-11 08:30:00,10.0,2026-07-11 10:20:04.616040,2026-07-11 10:20:04.616040,0.0,True,True,False,False,,,0,0.0,0.0,0.0,0.0,0.0,,0.0,0.0,0.0,0.0,0.0,0.0,2026-07-11 09:28:42.033180,bus,False,,False,False,bus,True,6.857,0.0,6.857,12.0,0.0,32.519,51.376,2.0,15.185,0.684444,normal,W0,rest_day,P0_no_policy,18.857,0.0,1.3,0.0,0.0
46-2026-07-11-L02,46,2026-07-11,Saturday,return_home,activity-46-2026-07-11-003,return_home,Z5,Z5,2026-07-11 16:30:00,,,10.0,,,,,,True,True,,,0,0.0,0.0,0.0,0.0,0.0,,0.0,0.0,0.0,0.0,0.0,0.0,2026-07-11 16:30:00,bus,False,,False,False,bus,True,10.0,0.0,10.0,12.0,0.0,31.01,53.01,2.0,15.924,0.477222,normal,W0,rest_day,P0_no_policy,22.0,0.0,1.3,0.0,0.0
47-2026-07-11-L01,47,2026-07-11,Saturday,outbound,activity-47-2026-07-11-004,visit,Z3,Z8,2026-07-11 07:30:00,2026-07-11 09:30:00,2026-07-11 07:30:00,5.0,2026-07-11 09:25:32.905920,2026-07-11 09:25:32.905920,0.0,True,True,False,False,bus,bus,2,47.654,10.214,20.0,17.44,4.0,57.894,19.013,8.0,4.5,28.641,12.0,5.714,2026-07-11 07:30:00,metro,False,,False,False,metro,True,14.714,0.0,14.714,20.0,20.0,60.834,115.548,9.0,29.305,,normal,W0,rest_day,P0_no_policy,34.714,0.0,1.3,0.0,0.0
47-2026-07-11-L02,47,2026-07-11,Saturday,return_home,activity-47-2026-07-11-004,return_home,Z8,Z3,2026-07-11 17:30:00,,,10.0,,,,,,False,False,,,0,0.0,0.0,0.0,0.0,0.0,,0.0,0.0,0.0,0.0,0.0,0.0,2026-07-11 17:30:00,bus,False,,False,False,bus,True,5.714,0.0,5.714,10.0,8.0,110.868,134.583,2.0,15.069,0.944444,normal,W0,rest_day,P0_no_policy,15.714,0.0,1.3,0.0,0.0
48-2026-07-11-L01,48,2026-07-11,Saturday,outbound,activity-48-2026-07-11-007,shopping,Z3,Z3,2026-07-11 10:21:56.778600,2026-07-11 11:00:00,2026-07-11 09:00:00,10.0,2026-07-11 10:49:59.940000,2026-07-11 10:49:59.940000,0.0,True,True,False,False,,,0,0.0,0.0,0.0,0.0,0.0,,0.0,0.0,0.0,0.0,0.0,0.0,2026-07-11 10:21:56.778600,bus,False,,False,False,bus,True,6.975,0.0,6.975,8.0,0.0,13.078,28.053,2.0,17.966,0.481373,normal,W0,rest_day,P0_no_policy,14.975,0.0,1.3,0.0,0.0
48-2026-07-11-L02,48,2026-07-11,Saturday,between_activities,activity-48-2026-07-11-008,out_of_home_family_care,Z3,Z3,2026-07-11 14:41:29.570760,2026-07-11 15:30:00,2026-07-11 13:30:00,10.0,2026-07-11 15:20:00,2026-07-11 15:20:00,0.0,True,True,False,False,,,0,0.0,0.0,0.0,0.0,0.0,,0.0,0.0,0.0,0.0,0.0,0.0,2026-07-11 14:41:29.570760,bus,False,,False,False,bus,True,7.0,0.0,7.0,8.0,0.0,23.507,38.507,2.0,17.972,0.476667,normal,W0,rest_day,P0_no_policy,15.0,0.0,1.3,0.0,0.0
48-2026-07-11-L03,48,2026-07-11,Saturday,return_home,activity-48-2026-07-11-008,return_home,Z3,Z3,2026-07-11 18:30:00,,,10.0,,,,,,True,True,,,0,0.0,0.0,0.0,0.0,0.0,,0.0,0.0,0.0,0.0,0.0,0.0,2026-07-11 18:30:00,bus,False,,False,False,bus,True,4.0,0.0,4.0,8.0,0.0,43.07,55.07,2.0,15.108,0.945,normal,W0,rest_day,P0_no_policy,12.0,0.0,1.3,0.0,0.0
49-2026-07-11-L01,49,2026-07-11,Saturday,outbound,activity-49-2026-07-11-007,shopping,Z7,Z1,2026-07-11 10:30:43.885200,2026-07-11 12:00:00,2026-07-11 10:00:00,10.0,2026-07-11 11:50:00,2026-07-11 11:50:00,0.0,True,True,True,True,,,0,0.0,0.0,0.0,0.0,0.0,,0.0,0.0,0.0,0.0,0.0,0.0,2026-07-11 10:30:43.885200,bus,False,,False,False,bus,True,7.0,0.0,7.0,8.0,0.0,64.269,79.269,2.0,17.972,0.476667,normal,W0,rest_day,P0_no_policy,15.0,0.0,1.3,0.0,0.0
49-2026-07-11-L02,49,2026-07-11,Saturday,between_activities,activity-49-2026-07-11-008,out_of_home_family_activity,Z1,Z7,2026-07-11 12:46:29.477580,2026-07-11 14:00:00,2026-07-11 12:30:00,5.0,2026-07-11 13:55:00,2026-07-11 13:55:00,0.0,True,True,True,False,walk,bus,1,20.509,7.0,8.0,5.509,2.0,43.0,0.0,0.0,0.0,20.509,8.0,7.0,2026-07-11 12:46:29.477580,metro,False,,False,False,metro,True,12.0,0.0,12.0,16.0,5.0,35.509,68.509,7.0,32.358,,normal,W0,rest_day,P0_no_policy,28.0,0.0,1.3,0.0,0.0
49-2026-07-11-L03,49,2026-07-11,Saturday,between_activities,activity-49-2026-07-11-009,out_of_home_family_activity,Z7,Z7,2026-07-11 15:47:57.604020,2026-07-11 16:30:00,2026-07-11 15:00:00,10.0,2026-07-11 16:20:00,2026-07-11 16:20:00,0.0,True,True,False,False,,,0,0.0,0.0,0.0,0.0,0.0,,0.0,0.0,0.0,0.0,0.0,0.0,2026-07-11 15:47:57.604020,bus,False,,False,False,bus,True,7.0,0.0,7.0,8.0,0.0,17.04,32.04,2.0,17.972,0.476667,normal,W0,rest_day,P0_no_policy,15.0,0.0,1.3,0.0,0.0
49-2026-07-11-L04,49,2026-07-11,Saturday,return_home,activity-49-2026-07-11-009,return_home,Z7,Z7,2026-07-11 18:30:00,,,10.0,,,,,,False,False,,,0,0.0,0.0,0.0,0.0,0.0,,0.0,0.0,0.0,0.0,0.0,0.0,2026-07-11 18:30:00,bus,False,,False,False,bus,True,4.0,0.0,4.0,8.0,0.0,66.772,78.772,2.0,15.133,0.945,normal,W0,rest_day,P0_no_policy,12.0,0.0,1.3,0.0,0.0
5-2026-07-11-L01,5,2026-07-11,Saturday,outbound,activity-5-2026-07-11-006,social_leisure,Z4,Z4,2026-07-11 12:28:44.525580,2026-07-11 13:00:00,2026-07-11 11:00:00,10.0,2026-07-11 13:17:28.641000,2026-07-11 13:37:28.641000,37.477,False,True,True,True,,,0,0.0,0.0,0.0,0.0,0.0,,0.0,0.0,0.0,0.0,0.0,0.0,2026-07-11 12:48:44.525580,ride_hailing,True,vehicle_wait_limit_exceeded,True,True,bus,True,10.0,20.0,30.0,12.0,0.0,26.735,68.735,2.0,17.972,0.476667,normal,W0,rest_day,P0_no_policy,42.0,0.0,1.0,0.0,0.0
5-2026-07-11-L02,5,2026-07-11,Saturday,between_activities,activity-5-2026-07-11-007,shopping,Z4,Z4,2026-07-11 17:39:46.500000,2026-07-11 18:30:00,2026-07-11 17:00:00,3.0,2026-07-11 18:27:00,2026-07-11 18:27:00,0.0,True,True,False,False,,,0,0.0,0.0,0.0,0.0,0.0,,0.0,0.0,0.0,0.0,0.0,0.0,2026-07-11 17:39:46.500000,walk,False,,False,False,walk,True,0.0,0.0,0.0,0.0,0.0,47.225,47.225,0.0,4.8,,normal,W0,rest_day,P0_no_policy,47.225,0.0,1.0,0.0,0.0
5-2026-07-11-L03,5,2026-07-11,Saturday,return_home,activity-5-2026-07-11-007,return_home,Z4,Z4,2026-07-11 20:00:00,,,8.0,,,,,,False,False,,,0,0.0,0.0,0.0,0.0,0.0,,0.0,0.0,0.0,0.0,0.0,0.0,2026-07-11 20:00:00,ride_hailing,False,,False,False,ride_hailing,True,10.667,0.0,10.667,2.0,0.0,11.545,24.212,23.04,32.992,0.313889,normal,W0,rest_day,P0_no_policy,10.667,0.0,1.0,0.0,0.0
6-2026-07-11-L01,6,2026-07-11,Saturday,outbound,activity-6-2026-07-11-005,out_of_home_family_activity,Z6,Z6,2026-07-11 15:32:45.966960,2026-07-11 16:30:00,2026-07-11 14:30:00,10.0,2026-07-11 16:20:00,2026-07-11 16:20:00,0.0,True,True,True,True,,,0,0.0,0.0,0.0,0.0,0.0,,0.0,0.0,0.0,0.0,0.0,0.0,2026-07-11 15:32:45.966960,bus,False,,False,False,bus,True,10.0,0.0,10.0,12.0,0.0,25.234,47.234,2.0,17.972,0.476667,normal,W0,rest_day,P0_no_policy,22.0,0.0,1.0,0.0,0.0
6-2026-07-11-L02,6,2026-07-11,Saturday,return_home,activity-6-2026-07-11-005,return_home,Z6,Z6,2026-07-11 18:30:00,,,10.0,,,,,,True,True,,,0,0.0,0.0,0.0,0.0,0.0,,0.0,0.0,0.0,0.0,0.0,0.0,2026-07-11 18:30:00,bus,False,,False,False,bus,True,5.714,0.0,5.714,12.0,0.0,30.014,47.728,2.0,15.11,0.945,normal,W0,rest_day,P0_no_policy,17.714,0.0,1.0,0.0,0.0
7-2026-07-11-L01,7,2026-07-11,Saturday,outbound,activity-7-2026-07-11-007,social_leisure,Z1,Z2,2026-07-11 08:34:58.318320,2026-07-11 09:30:00,2026-07-11 07:30:00,10.0,2026-07-11 09:20:00,2026-07-11 09:20:00,0.0,True,True,False,False,,,0,0.0,0.0,0.0,0.0,0.0,,0.0,0.0,0.0,0.0,0.0,0.0,2026-07-11 08:34:58.318320,bus,False,,False,False,bus,True,4.0,0.0,4.0,8.0,0.0,33.028,45.028,2.0,15.03,0.924444,normal,W0,rest_day,P0_no_policy,12.0,0.0,1.0,0.0,0.0
7-2026-07-11-L02,7,2026-07-11,Saturday,between_activities,activity-7-2026-07-11-008,social_leisure,Z2,Z3,2026-07-11 13:39:19.920840,2026-07-11 15:00:00,2026-07-11 13:00:00,10.0,2026-07-11 14:50:00,2026-07-11 14:50:00,0.0,True,True,False,True,,,0,0.0,0.0,0.0,0.0,0.0,,0.0,0.0,0.0,0.0,0.0,0.0,2026-07-11 13:39:19.920840,bus,False,,False,False,bus,True,7.0,0.0,7.0,8.0,0.0,55.668,70.668,2.0,17.972,0.476667,normal,W0,rest_day,P0_no_policy,15.0,0.0,1.0,0.0,0.0
7-2026-07-11-L03,7,2026-07-11,Saturday,return_home,activity-7-2026-07-11-008,return_home,Z3,Z1,2026-07-11 21:00:00,,,10.0,,,,,,False,True,,,0,0.0,0.0,0.0,0.0,0.0,,0.0,0.0,0.0,0.0,0.0,0.0,2026-07-11 21:00:00,bus,False,,False,False,bus,True,11.0,0.0,11.0,8.0,0.0,28.009,47.009,2.0,17.996,0.313333,normal,W0,rest_day,P0_no_policy,19.0,0.0,1.0,0.0,0.0
8-2026-07-11-L01,8,2026-07-11,Saturday,outbound,activity-8-2026-07-11-007,social_leisure,Z6,Z6,2026-07-11 09:18:00.874620,2026-07-11 10:30:00,2026-07-11 08:30:00,10.0,2026-07-11 10:20:00,2026-07-11 10:20:00,0.0,True,True,False,False,,,0,0.0,0.0,0.0,0.0,0.0,,0.0,0.0,0.0,0.0,0.0,0.0,2026-07-11 09:18:00.874620,bus,False,,False,False,bus,True,6.857,0.0,6.857,12.0,0.0,43.128,61.985,2.0,15.185,0.684444,normal,W0,rest_day,P0_no_policy,18.857,0.0,1.0,0.0,0.0
8-2026-07-11-L02,8,2026-07-11,Saturday,return_home,activity-8-2026-07-11-007,return_home,Z6,Z6,2026-07-11 22:30:00,,,10.0,,,,,,False,False,,,0,0.0,0.0,0.0,0.0,0.0,,0.0,0.0,0.0,0.0,0.0,0.0,2026-07-11 22:30:00,bus,False,,False,False,bus,True,15.714,0.0,15.714,12.0,0.0,36.392,64.106,2.0,17.996,0.313333,normal,W0,rest_day,P0_no_policy,27.714,0.0,1.0,0.0,0.0
9-2026-07-11-L01,9,2026-07-11,Saturday,outbound,activity-9-2026-07-11-008,shopping,Z7,Z7,2026-07-11 11:18:40.752240,2026-07-11 12:00:00,2026-07-11 10:00:00,10.0,2026-07-11 11:50:00,2026-07-11 11:50:00,0.0,True,True,False,False,,,0,0.0,0.0,0.0,0.0,0.0,,0.0,0.0,0.0,0.0,0.0,0.0,2026-07-11 11:18:40.752240,bus,False,,False,False,bus,True,7.0,0.0,7.0,8.0,0.0,16.321,31.321,2.0,17.972,0.476667,normal,W0,rest_day,P0_no_policy,15.0,0.0,1.0,0.0,0.0
9-2026-07-11-L02,9,2026-07-11,Saturday,between_activities,activity-9-2026-07-11-009,shopping,Z7,Z7,2026-07-11 13:44:25.408680,2026-07-11 14:30:00,2026-07-11 13:00:00,10.0,2026-07-11 14:20:00,2026-07-11 14:20:00,0.0,True,True,False,False,,,0,0.0,0.0,0.0,0.0,0.0,,0.0,0.0,0.0,0.0,0.0,0.0,2026-07-11 13:44:25.408680,bus,False,,False,False,bus,True,7.0,0.0,7.0,8.0,0.0,20.577,35.577,2.0,17.972,0.476667,normal,W0,rest_day,P0_no_policy,15.0,0.0,1.0,0.0,0.0
9-2026-07-11-L03,9,2026-07-11,Saturday,between_activities,activity-9-2026-07-11-010,out_of_home_family_activity,Z7,Z7,2026-07-11 19:07:42.900000,2026-07-11 20:00:00,2026-07-11 18:00:00,5.0,2026-07-11 19:55:00,2026-07-11 19:55:00,0.0,True,True,True,True,walk,walk,0,0.0,0.0,0.0,0.0,0.0,47.285,0.0,0.0,0.0,0.0,0.0,0.0,2026-07-11 19:07:42.900000,metro,False,,False,False,metro,True,3.2,0.0,3.2,16.0,0.0,28.085,47.285,5.0,35.0,,normal,W0,rest_day,P0_no_policy,19.2,0.0,1.0,0.0,0.0
9-2026-07-11-L04,9,2026-07-11,Saturday,return_home,activity-9-2026-07-11-010,return_home,Z7,Z7,2026-07-11 22:00:00,,,10.0,,,,,,False,False,,,0,0.0,0.0,0.0,0.0,0.0,,0.0,0.0,0.0,0.0,0.0,0.0,2026-07-11 22:00:00,bus,False,,False,False,bus,True,11.0,0.0,11.0,8.0,0.0,42.001,61.001,2.0,17.996,0.313333,normal,W0,rest_day,P0_no_policy,19.0,0.0,1.0,0.0,0.0
